:020000040800F2
:10000000F07E0020550300089D660008915C000802
:1000100099660008991B0008A993000800000000D9
:10002000000000000000000000000000116A00084D
:10003000E12300080000000071670008356A00082D
:100040006F0300086F0300086F0300086F030008C8
:100050006F0300086F0300086F0300086F030008B8
:100060006F0300086F0300086F030008D92200081F
:10007000E5220008F1220008FD220008FF22000806
:1000800001230008000000006F0300086F03000850
:10009000658200086F0300086F030008E32300086F
:1000A0006F0300089F6D00086F0300086F030008CE
:1000B0006F030008AB6D00086F0300086F030008B2
:1000C0006F0300086F0300086F0300086F03000848
:1000D0006F030008ED7300086F030008F973000850
:1000E0006F0300086F0300086F0300086F03000828
:1000F0006F0300086F0300086F0300080000000092
:10010000000000006F030008000000006F030008FB
:100110006F03000800000000B76D0008E16D0008E3
:100120000D2300086F0300086F0300086F03000829
:100130006F03000800000000000000007572000856
:100140006F0300086F0300080000000000000000BB
:10015000000000000000000000000000000000009F
:100160000000000000000000000000006F03000815
:100170006F03000800000000000000000000000005
:10018000000000006F0300080000000000000000F5
:10019000000000000000000000000000000000005F
:1001A00000000000000000006F0300086F0300085B
:1001B0000B5D0008975C00086F030008000000005A
:1001C000000000006F0300080000000000000000B5
:1001D0006F0300086F03000800F002F800F0ABF8AE
:1001E0000AA090E8000C82448344AAF10107DA4592
:1001F00001D100F0A0F8AFF2090EBAE80F0013F039
:10020000010F18BFFB1A43F001031847007C0100DF
:10021000207C01000A4410F8014B14F00F0508BFC0
:1002200010F8015B240908BF10F8014B6D1E05D0C2
:1002300010F8013B6D1E01F8013BF9D1641E03D09B
:10024000641E01F8015BFBD19142E4D370470000CA
:100250000023002400250026103A28BF78C1FBD8CF
:10026000520728BF30C148BF0B6070476E2900F0AD
:100270002784702901F00D81662915F00D86652906
:1002800015F00A86672915F00786612915F006869C
:1002900003681B0A28BF41F08001692900F05E81D4
:1002A000642900F05B81752900F058816F2901F005
:1002B0009B80782901F0D980E92901F03580E42973
:1002C00001F03280F52901F02F80EF2901F09880AC
:1002D000F82901F0D8800368DB0928BF41F08001CC
:1002E000632900F0B787732900F0BC87E32901F088
:1002F000B581F32901F0BA81002070471FB515F0D0
:10030000BEFD9DE8030000F02FFB01F0F1F80400B2
:100310000020002115F026FD401C60600020002117
:1003200015F00AFDE06001F0F1FB1FBD10B50020E3
:1003300001F036FA10BD01F078FA1146FFF7DEFF42
:100340000CF0B8F801F09EFA03B4FFF7EFFF03BC1E
:1003500000F0E8FA0948804709480047FEE7FEE751
:10036000FEE7FEE7FEE7FEE7FEE7FEE7FEE7FEE765
:1003700004480549054A064B704700008D6D00088A
:10038000D9010008F05D0020F07E0020F07D002003
:10039000F07D002070B5064600F0CAFA056806F147
:1003A0000B0020F00704B4429CBF002070BD2B4618
:1003B0006A68BAB11068A04210D304F108018842FB
:1003C0003CBF5068586007D35168101941601168EC
:1003D000091B016058601460101D70BD13465268FF
:1003E000002AE7D12146284600F0AAFA0028DED1EB
:1003F00070BD70B50446051F00F09AFA0068002C25
:1004000014BF446870BD002C18BFAC423CBF2046EE
:100410006468F8D301680A18AA4218BF456003D17E
:100420002A6805461144016028684119A1421CBF91
:100430006C6070BD6168696021680844286070BDA7
:100440007CB51D4616460C00009007D04142A142E3
:1004500002D32044401E01E04FF0FF30064B7B44A6
:100460002A4669460190304600F0CFFE002C02D0AB
:10047000009A002111707CBDCF0D00000FB41CB597
:100480000C0007AA009007D04142A14202D32044A9
:10049000401E01E04FF0FF30074B7B44694601905E
:1004A000069800F0B2FE0021002C01D0009A1170D5
:1004B0001CBC5DF814FB0000930D000070B50446F1
:1004C00085690068C10601D5302600E02026C007F6
:1004D00007D070BDD4E9012130469047206A401C06
:1004E00020626D1EF6D570BD70B504468569007832
:1004F000C00707D170BDD4E9012120209047206AB0
:10050000401C20626D1EF6D570BD70B50C460546C8
:10051000012A05D02878800600D5EA69002302E088
:10052000012305E05B1C934202D2E05C0028F9D174
:10053000A869E618C01AA861286A184428622846E3
:10054000FFF7BCFF04E0D5E9012114F8010B904747
:10055000B442F8D32846FFF7C7FF70BD2DE9F0413C
:100560000646002410687529314616A510D000F003
:100570003CFA002802DA404213A507E031688A07F6
:1005800001D512A502E0490704D511A5012401E017
:1005900000F034FA00210A2206F1240709E0B0FB3A
:1005A000F2FCB0FBF2F302FB1C003030785418462A
:1005B000491C0028F3D123462A463046BDE8F041C5
:1005C00000F025BA000000002D0000002B00000004
:1005D000200000002DE9F05F894604464FF0000A34
:1005E000DFF874B1FB44C0F820A02046E1688847DA
:1005F000002874D0252806D0D4E901219047206A2C
:10060000401C2062F1E700265F462046E1688847EB
:100610002028054607DB312D05D2781910F8200C6B
:1006200008B10643F1E7B00701D526F00406C4F887
:100630001CA00027C4F818A02A2D09D0284615F0C0
:1006400073FB38B304EB8708303DC8F8185019E045
:1006500059F8041B204604EB87029161E168884742
:10066000012F054618D1E069002820DA26F020067F
:100670001DE0D8F8180000EB800005EB4000303892
:10068000C8F818002046E1688847054615F04CFB7D
:100690000028EED1012F0AD02E2D08D12046E16886
:1006A00088477F1C0546022F46F02006C4DBA06960
:1006B000002803DA404246F00106A061F00701D0AD
:1006C00026F010066C2D0BD0682D09D04C2D39D09A
:1006D0006A2D35D0742D35D07A2D33D016E038E020
:1006E000E1682F4620468847B842054609D16C2F5D
:1006F00026D04FF48060E1680643204688470546CF
:1007000004E06C2F1AD04FF4807006430DB3A5F1AE
:100710004100192802D8203546F400664A46294689
:10072000204626604E46FFF7A1FD80B101280BD080
:10073000F61D26F0070000F1080956E74020E4E71F
:100740008020D8E70020D6E706F104094DE72846C7
:1007500052E7206ABDE8F09FD458010010B5002090
:1007600000F0B9FEFFF7E2FDBDE81040012000F007
:10077000D9B80B460146184600F096BE032A40F24F
:10078000308010F0030C00F0158011F8013BBCF133
:10079000020F624498BF11F801CB00F8013B38BF4B
:1007A00011F8013BA2F1040298BF00F801CB38BF59
:1007B00000F8013B11F0030300F02580083AC0F077
:1007C000088051F8043B083A51F804CBA0E808101F
:1007D000F5E7121D5CBF51F8043B40F8043BAFF352
:1007E0000080D20724BF11F8013B11F801CB48BFAC
:1007F00011F8012B24BF00F8013B00F801CB48BFE2
:1008000000F8012B704710B5203AC0F00B80B1E81A
:100810001850A0E81850B1E81850A0E81850203A35
:10082000BFF4F5AF5FEA027C24BFB1E81850A0E83E
:10083000185044BF18C918C0BDE810405FEA827C58
:1008400024BF51F8043B40F8043B08BF7047D2076F
:1008500028BF31F8023B48BF11F8012B28BF20F810
:10086000023B48BF00F8012B704702F0FF0343EA48
:10087000032242EA024200F00AB802F0FF0343EA10
:10088000032242EA024200F024B84FF00002042999
:10089000C0F0128010F0030C00F01B80CCF1040CAF
:1008A000BCF1020F18BF00F8012BA8BF20F8022BE3
:1008B000A1EB0C0100F00DB85FEAC17C24BF00F889
:1008C000012B00F8012B48BF00F8012B70474FF0B7
:1008D000000200B5134694469646203922BFA0E890
:1008E0000C50A0E80C50B1F12001BFF4F7AF09079C
:1008F00028BFA0E80C5048BF0CC05DF804EB89008D
:1009000028BF40F8042B08BF704748BF20F8022BCF
:1009100011F0804F18BF00F8012B704770477047E7
:100920007047000001491820ABBEFEE72600020018
:10093000004870476C21002070477047704770472F
:1009400038B504460A4600206946AFF30080002807
:1009500008BF38BD02460099204600F0D5FD0120B1
:1009600038BD012000F05ABFF8B5AFF3008005464E
:1009700000200C46102000BF0646A819A0420DD941
:10098000324669460020AFF30080070008BF00F040
:1009900045FF0098A04218BF0546C419FFF7C8FFDD
:1009A00005600746F01D20F007004619284600F0B4
:1009B0000AF8B44208BFF8BDA21B31463868BDE84A
:1009C000F84000F0A1BD00210160C0E901107047AE
:1009D0001020704710B500F093FD006810BD10B5F1
:1009E000044600F08DFD046010BD09684A0501D57C
:1009F00040B27047C905FCD500B2704709684A0586
:100A000001D5C0B27047C905FCD580B270472DE949
:100A1000F0470D4699469246044600F124080168C5
:100A2000880604D5E06921F01001216000E0012072
:100A3000A84201DD471B00E00027A1697A1902EBFB
:100A40000900081AA0612078C00602D42046FFF7EA
:100A500035FD002608E0D4E901211AF80600904788
:100A6000206A401C761C20624E45F4DB2078C006CC
:100A70000AD52046FFF722FD06E0D4E90121302007
:100A80009047206A401C2062381EA7F10107F4DC61
:100A900007E0D4E9012118F805009047206A401CBE
:100AA0002062281EA5F10105F3DC2046FFF71CFD9E
:100AB0002078000602D50220BDE8F0870120FBE780
:100AC00011680268006A530501D508700AE0D30571
:100AD00001D5088006E0130603D5C217C1E900025C
:100AE00000E00860012070472DE9FF4F0C461E46CC
:100AF0004FF0FF378BB0D2E90001DDF860800A903B
:100B00008A46C1F30A5505B93D46002108464FF013
:100B10000000BAF1000F00F4400005DA00EB80009D
:100B20004FF4400101EA50004FEA9059B9F1010F2A
:100B300000DDB9460A9850EA4A000ED044F610503B
:100B4000A5F2FF3545432F14B8F1000F1ED07542B2
:100B5000291E1EDDC9F100021CE0B8F1010F4FF0A3
:100B6000000001D0302103E0F24305E02154401C95
:100B7000B042FBDB30460022002121540B99C1F822
:100B80000880C1E900200FB0BDE8F08FBD1B6D1CCF
:100B9000DEE74A4600DA694206A800F06BFD06ABC4
:100BA00093E8070003AB83E8070050460A9910F06A
:100BB00057FA8DE80700A0F500501F380090039801
:100BC000002D0ADD42F21F014A460844002303A912
:100BD0000390684610F0C0FC09E0A0F500504A46BA
:100BE0001F38002303A90390684610F0CAFC8DE863
:100BF00007000004000C03D04FF0FF30410800E074
:100C00001046B8F1000F03D00022009215461EE0F6
:100C1000751E05D400F092FC303262556D1EF9D578
:100C2000B3460122084302D000227F1C04E0207852
:100C3000302801D100227F1E002A099784D01DE0B0
:100C4000112D07DA00F07AFC303262556D1C50EA43
:100C50000102F5D1084302D00098C8B10EE000218E
:100C6000681E05E0235C625C63542254401E491CEC
:100C70008142F7DBAB46A81B401E0990002004F818
:100C80000B000B98099AC0F80880C0E9002B7AE79E
:100C900011264FF0000857E72DE9F04F884604462B
:100CA000D21D22F0070191B0D1E90001CDE90A017E
:100CB00014F0B6FC02460B98C00F01D02D2007E0BF
:100CC0002068810701D52B2002E0202101EAC00025
:100CD000032A099001D0072A05DB03464146204636
:100CE00000F072FC0BE12078800601D5E06900E09D
:100CF0000620B8F1650F814606D0B8F1660F18D00E
:100D0000B8F1670F70D131E00020B9F1110F0090F8
:100D100001DB112301E009F101030AAA01A90CA8D2
:100D2000FFF7E2FEDDE90C70002609F101058346BC
:100D300047E001204B4600904FF000470AAA01A966
:100D40000CA8FFF7D1FEDDE90DB00C995D46002639
:100D500010B909F101000D18B9EB050003D4C0F179
:100D6000FF3609F10105A5EB09002BE0B9F1010FF0
:100D700001DA4FF001090020B9F1110F0090484647
:100D800001DD112300E003460AAA01A90CA8FFF720
:100D9000ABFEDDE90C704D46002683462078000747
:100DA0000AD4AB4500DA5D4601A8012D04DD4119E6
:100DB00011F8011C302907D04F4502DA17F1040F52
:100DC00004DA012082460FE06D1EEEE7002F02DC00
:100DD000ED1B3E4403E0781CA84200DD7D1CB81BDF
:100DE00000F1010A4FF000472078000703D4AA451C
:100DF00001DB4FF0FF3A0021B7F1004F0DF143083E
:100E00008DF8431024D002202B23002F01DA7F42DB
:100E10002D230A21021EA0F1010000DC5FB197FB27
:100E2000F1FC97FBF1F201FB1C7C17460CF1300C36
:100E300008F801CDEEE7A8F101000370218809054B
:100E400001D5452100E06521A0F1010800F8011C51
:100E500009980FA9A1EB0807FF1D00B10120411956
:100E600001EBEA70A1693844081A401EA06120789D
:100E7000C00602D42046FFF721FB099828B1D4E927
:100E800001219047206A401C20622078C00622D5AC
:100E90002046FFF713FB1EE0002E04DBB34502DD06
:100EA00001A8805D00E03020D4E901219047206A4C
:100EB000401C2062761CAAF101005FEA000A0AD1F8
:100EC00000F016FBC0680168405CD4E9012190473E
:100ED000206A401C2062281EA5F10105DCDC07E029
:100EE000D4E9012118F8010B9047206A401C2062C8
:100EF000381EA7F10107F3DC2046FFF7F5FA0320BF
:100F000011B041E62DE9F04F04460D46D21D22F006
:100F1000070089B0D0E900974846394614F080FBB5
:100F20000246F80F01D02D2307E02068810701D584
:100F30002B2302E0202101EAC0038DF820300BB101
:100F4000012000E00020032A824601D0072A04DBAA
:100F50002946204600F038FB3FE12078800601D486
:100F60000D2500E0E569C7F30A560D2D49DA002189
:100F70004FEA175B08464FF00000002F00F44000D6
:100F800007DA00EB80004FF4400100EBD07001EA7B
:100F900060008115012901DD4FF0FF3100224FEA89
:100FA000850CBCF1180F06D31346ACF118004FF0B6
:100FB0008052C24003E04FF4801323FA0CF30CF18B
:100FC0000C0CBCF1200F04D3ACF1200C09FA0CF08E
:100FD00001E007FA0CF000294FF0004801DD18B9D4
:100FE0000FE00ED140450CD319EB02095F4121B946
:100FF000404502D19F4329EA0209BBEB175F00D0AD
:10100000761C2088000502D57B48784402E07A48A7
:101010007844193808AA302302F80A30037C0AF110
:101020000101002E0AF1020A53546A4602DC4FF015
:10103000300101E04FF031014FF001088DF8001050
:1010400002D0A6F2FF3603E059EA470100D06B4E0A
:10105000002D02DC2178090704D54FF002082E216B
:101060008DF80110C44600210BE0C7F303433F0194
:10107000C35C491C6D1E02F80830052908F10108FF
:1010800001DA002DF1DC00210CE000EB1973491CA2
:101090001B786D1E082902F808304FEA091908F17B
:1010A000010801DA002DF0DC21688B0602D516E07C
:1010B000A8F10108E04505DD02EB080313F8013C47
:1010C000302BF5D0B8F1000F09DD02EB080313F85F
:1010D000013C2E2B03D1090701D4A8F10108002DF2
:1010E00005DD3E2102F808106D1E08F10108407C64
:1010F000002E02F8080008F1010804DA2D207642DB
:1011000002F8080002E02B2002F808000A214FF440
:101110007A70864208F101080BDB96FBF0F330335E
:1011200002F8083096FBF0F308F1010800FB1366A3
:1011300001E0642E0CDB642096FBF0F3303302F800
:10114000083096FBF0F308F1010800FB136601E09C
:101150000A2E06DB96FBF1F0303002F8080008F1A9
:10116000010896FBF1F001FB1060303002F8080036
:10117000A16908F1010808EB050202EB0A00081A50
:10118000A0612078C00602D42046FFF797F9216AB3
:1011900008AE01EB0A00206204E0D4E9012116F850
:1011A000010B9047BAF1010AF7D22078C00602D5A8
:1011B0002046FFF783F96E4609E016F8010B3E283A
:1011C0000FD0D4E901219047206A401C2062B8F179
:1011D0000108F2D22046FFF787F909B00320BDE8E5
:1011E000F08F206A2844206203E0D4E901213020F6
:1011F00090476D1EEBD3F8E71550010002FCFFFF8E
:1012000001694A1C02610878704700B58FB0CDE9CA
:1012100001310021059105497944CDE903101146BA
:101220006846FFF7D7F90FB000BD0000E5FFFFFFEC
:10123000D1E900239A4202D2531C0B601070704710
:1012400010B5436913B1AFF3008001E0FFF75DF91A
:10125000012010BD127800F124010A7000224A70AA
:101260000122EDE711684FF0FF32E9E72DE9FF5F5A
:1012700015468A460446DFF8AC80F8440027D8E9D2
:1012800000103E46CDE9001010E03AF816106A460C
:1012900002A800F061FA411C07D02178890603D525
:1012A000E269391891420DD80744761C20788006EF
:1012B00002D5E069B84205DDAE42E6DB3AF8160039
:1012C0000028E2D1A069C01BA0612046FFF7F6F814
:1012D000D8E90010CDE90010002017E03AF8181006
:1012E0006A4602A800F038FAB0F1FF3F81460BD001
:1012F00000250DF1080B05E0D4E901211BF80500DC
:1013000090476D1C4D45F7D308F10100B04280466F
:10131000E4DB206A384420622046FFF7E5F8BDE8A8
:10132000FF9F0000BA4D01002DE9F0418046D21D1B
:1013300022F007020025D2E90002F52915A614D0F3
:10134000011E72F1000106DA0023D0EB030063EB0B
:10135000020211A608E0D8F800108B0701D50FA6ED
:1013600002E0490701D50EA601251146002408F127
:10137000240704E000F0E2F830323A55641C50EAE9
:101380000102F7D12B46324621464046BDE8F041E6
:10139000FFF73DBB000000002D0000002B00000007
:1013A0002000000030B4002100F1240408E002F025
:1013B0000705D208303542EA4372DB086554491C00
:1013C00052EA0305F3D10468002310A2250708D5CB
:1013D00004F020040C4304D0C46901230CA2641E51
:1013E000C46130BCFFF713BB10B50446214610683A
:1013F000FFF704FB02462046BDE810400023D1E77A
:10140000D21D22F00701D1E90023CBE70000000044
:1014100030000000F0B40D460188090502D5214CCA
:101420007C4402E01F4C7C440E34002100F1240671
:1014300008E002F00F071209E75D42EA03721B0998
:101440007754491C52EA0307F3D1027800231207AC
:1014500004D5702D06D009B1022311342246F0BC08
:10146000FFF7D5BA01231034F8E770B504460D46EE
:1014700021461068FFF7C2FA024629462046BDE819
:1014800070400023C6E7D21D22F00703D3E90023F2
:10149000C0E70368126843F0200303600823C361B8
:1014A0000023B7E71C4C01002DE9F0410746154623
:1014B0000E461020FEF76EFF04000AD06760C4E9F4
:1014C000026500F019F80168216004600020BDE8A1
:1014D000F0810120FBE710B500F088F9BDE810406D
:1014E00000F07FB900487047642100207047000079
:1014F0000048704784210020004870479C2100204C
:101500000048704764210020034640688C4600284C
:1015100018BF88423CBF03464068F8D31868184497
:10152000884207D00CF1030020F00700001D411A8B
:10153000521A0146081D0A60FEF75BBF30B5B0F1D4
:101540000A0271F100034FEA900E4EEA817EB0EB81
:101550000E0061EB91014FEA101E4EEA017E10EB86
:101560000E0041EB11114FEA102E4EEA016E10EB06
:101570000E0041EB11214FEA104E4EEA014E10EBE6
:101580000E0041EB1141401841F100014FEAD0003B
:1015900040EA41704FEAD1014FEA810444EA907475
:1015A00010EB800544EB01046D1944EB0404521B5D
:1015B000A3414FF0000348BF0A3200D530BD401CA4
:1015C00041F1000130BD00002DE9F0411F46044605
:1015D00003260168072A01F4006004DB08B116A5A0
:1015E00005E016A503E008B115A500E015A521F05A
:1015F00010002060A069C01EA0610FB1401EA06154
:101600002046FEF75BFF4FB1D4E9012138469047F1
:10161000206A401C2062C01C206206E0206AFAE7B3
:10162000D4E9012115F8010B9047761EF8D2204627
:10163000FEF75AFFBDE8F0814E414E006E616E002C
:10164000494E4600696E660010B5436913B1AFF3A9
:10165000008001E0FFF70AFE012010BD128800F1B2
:10166000240182840022C2840122EDE711684FF038
:10167000FF32E9E72DE9F047814616468AB0354842
:1016800078440DC88DE80D0032487844801C03ACC6
:101690000DC884E80D0041F69B300844372190FBCB
:1016A000F1F290FBF1F5A5F1800501FB12041B3C62
:1016B00002D56442012000E00020DFF898A08046B7
:1016C0000027FA44AAF1BE0A0EE0E0070AD032462B
:1016D000684607EB470101230AEB81010FF051FF38
:1016E0008DE8070064107F1C002CEED1194F7F4459
:1016F000AE3F19E0E80715D007EB04100DF1180A0A
:1017000090E80E008AE80E00C068F04201D19819F6
:1017100008903246012306A903A80FF032FF03AB5D
:1017200083E807006D10641C002DE3D14FF0010326
:1017300032466946B8F1000F03A802D00FF00CFF43
:1017400001E00FF01EFFC9E90001C9F808200AB046
:10175000BDE8F087604A01002DE9F04116460C46CD
:10176000054600F087F8036893F80101012807D0C7
:10177000FF2C12D8185D80B101202C70BDE8F081DB
:10178000D3F807013246214603F20713C71828464B
:10179000BC46BDE8F041002360474FF0FF30EDE765
:1017A0002DE9F0410646FFF7A7FE8046454613E0C7
:1017B00016B1E068B0420ED120682860D4E901017A
:1017C000D8F8007088472046FEF713FED8F80000CE
:1017D000B842EBD100E025462C68002CE8D1BDE8EA
:1017E000F081002801D0FFF79DB8704710B50021A7
:1017F00002A000F050F8012010BD000053494741FD
:101800004252543A2041626E6F726D616C20746571
:10181000726D696E6174696F6E00000010B500F042
:1018200053F8BDE81040FFF7DCBF7546FFF75AFEDE
:10183000AE4605006946534620F00700854618B0BD
:1018400020B5FEF795FDBDE820404FF000064FF0B3
:1018500000074FF000084FF0000BAC46ACE8C009A1
:10186000ACE8C009ACE8C009ACE8C00921F0070148
:101870008D46704710B5FFF73BFE001D10BD00BF41
:10188000E544010010B50446AFF300802046BDE8F2
:101890001040FEF759BD70B505460C460A2000E021
:1018A0006D1C00F077F835B128780028F8D102E0F7
:1018B000641C00F06FF814B120780028F8D1BDE85E
:1018C00070400A2000F066B810B5012805D000214C
:1018D00003A0FFF7E0FF012010BD09A1F8E7000019
:1018E00053494752544D454D3A204F7574206F6609
:1018F0002068656170206D656D6F72790000000071
:101900003A2048656170206D656D6F727920636F54
:10191000727275707465640030B44FF0013C50F819
:10192000042B51F8043BCCFA52F4D51A20D1FCB95F
:1019300050F8042B51F8043BCCFA52F4D51A17D1C5
:10194000B4B950F8042B51F8043BCCFA52F4D51A30
:101950000ED16CB950F8042B51F8043BCCFA52F478
:10196000D51A05D1002CDAD030BC4FF000007047FA
:1019700029BAB1FA81F111F01801D1F120008440A7
:10198000F2D1CA40CB4012F0FF0213F0FF0330BC8B
:10199000D01A704708B569468DF800000320ABBE29
:1019A00008BD53EA020C00F069802DE9F04B4FF0BE
:1019B0000006002B1FBFB3FA83F503FA05F424FADF
:1019C00005F65E4012BF1643B2FA82F502FA05F43C
:1019D000C5F120051EBF22FA05FC44EA0C0420359F
:1019E00056EA044C4FEA144418BF641C4FF0000838
:1019F0004FF00009904271EB030C39D3002919BF55
:101A0000B1FA81F701FA07F6B0FA80F700FA07F6A3
:101A1000C7F120071EBF20FA07FC46EA0C06203754
:101A2000B6FBF4FCA7EB0507103F07F01F0BCBF14B
:101A300020062CFA06F60CFA0BFB44BFB346002630
:101A4000202FA4BF5E464FF0000B5BEA060C08BFD8
:101A50004FF0010B19EB0B0948EB0608ABFB027CBE
:101A600006FB02CC0BFB03CCC01B71EB0C01C1E7E6
:101A70000B46024641464846BDE8F08B13B5084385
:101A800018BF4FF0FF300146AFF30080BDE81C40A7
:101A90007047431A28BF9A427EF6B5AE10441144EF
:101AA00010F0030F1EBF11F8013D521E00F8013D5A
:101AB00010F0030F7FF4F6AF103AC0F00A8010B5B3
:101AC00031E9185020E91850103ABFF4F9AFBDE8D9
:101AD0001040530724BF31E9081020E9081044BF23
:101AE00051F8043D40F8043D12F0030F08BF704761
:101AF000D20728BF31F8023D48BF11F8012C28BF9A
:101B000020F8023D48BF00F8012C704770B5064C24
:101B10007C44064D7D4404E020460168084480472B
:101B2000241DAC42F8D170BD44640100486401003A
:101B3000816ACB6DCA6D13F0500F04D0D2060CD45D
:101B4000496D496B084742F40070C865086803682E
:101B5000C2681B0702D4900706D5704712F4406F85
:101B6000FBD1C0688004F8D4C86D20F48070C865CB
:101B7000C86DC00448BF7047C86D40F00100C8651B
:101B80007047806AC16D41F04001C165016E41F04E
:101B90000401016670477047FEE770B542F2F41C1D
:101BA00000EB4004C0EB0010C2F2000C5CF8201007
:101BB00042F2C815C2F200054A69496915F8246065
:101BC00005EB840E12F4403201F4402326F01F018D
:101BD00005F8241006D02BB941F005018EF800104D
:101BE000910B06E06AB963B141F006018EF800106E
:101BF000190C0CEB80000069428822F00C021143A2
:101C0000418070BD10B5044605F0B9FD42F2C8111F
:101C100042F2F41304EB4400C2F20001C4EB0412DC
:101C2000C2F2000303EB820211F82030D26A43F0C3
:101C3000800301F82030BDE810401047F0B583B0B4
:101C400042F2F41CC0EB0016C2F2000C0CEB86074B
:101C5000C7E903125588497925F0030545EA911132
:101C60005180396942F2C81E4A8800EB4004C2F232
:101C7000000E22F00C020EEB84054A8000214EF883
:101C80002410C5E901114AF20001C4F2000141F239
:101C90004C02FB624CF82610C4F2020213690026C3
:101CA00043F4807313611369CFF6F17603F4807304
:101CB0000293029B0B6823F000430B600B683340D8
:101CC00043F40F3343F00D030B600B681F2666F3DC
:101CD0001C530B60CB6843F44063CB6047F20803AE
:101CE000C4F200031E6846F480461E60136843F089
:101CF00002031360126802F002020192019A40F29C
:101D00000042C4F60002136843F4405313601368A2
:101D100043F440731360D36823F44053D360D36813
:101D200023F44073D3600A6842F000420A6005F071
:101D3000E9FC41F65560C0F60000F968A8604879F2
:101D4000697800F0100001F07F0141EAC00068707E
:101D500003B0F0BD2DE9F0410C46002142F2F4132E
:101D60002170C0EB0011C2F2000303EB8106316960
:101D70000978C90664D4154642F2C81200EB400146
:101D8000C2F2000202EB810797F90010002901D48A
:101D9000797807E001F07F01397079780C2262F3DD
:101DA00045017970C1F344010D2907F1010835D0CF
:101DB0000C2918D0002946D13068016941F400414E
:101DC0000161016941F4804101614EF23F40CEF270
:101DD0000000402101704EF20410CEF200004FF0DE
:101DE0000041016025E005F0CAFC00207063286016
:101DF000387800F0FC0038700120207045F228602F
:101E0000C2F20000006898F80010786001F0C1008C
:101E10001A3088F800001A20BDE8F08145F22861E8
:101E2000C2F2000109687A68891A1B2908D305F0F3
:101E300069FC98F8000000F0C100023088F800004A
:101E40000220BDE8F081BB6821462A46BDE8F0418A
:101E5000184700002DE9F04F87B042F2C81400EB9C
:101E60004005C2F2000404EB8506B34681461BF828
:101E7000010FC0F3440003282FD0022800F0A180F6
:101E8000012840F020824846FFF787FE14F825001D
:101E900010F01C0F00F0FB8145F22860C2F2000038
:101EA00001689BF80020716002F0C10104318BF8D9
:101EB000001001680268521A022AFBD34846FFF755
:101EC0006CFE307810F01C0F00F0F681B9F1000FB5
:101ED00040F0F98104F020FCF5E142F2F413C9EB83
:101EE0000910C2F2000303EB800C53F8203042F2D9
:101EF000F8076446C2F2000754F8340FD3F814E030
:101F00007F8A9FEDF31A00EE107AB8EE400A20EEB9
:101F1000010A9FEDF01A012820EE010ABCEEC00A6A
:101F200010EE100A80B24FF440254FEA101008BF9F
:101F30004FF44035AE284FF00A0000F2C5811EEA8A
:101F4000050740F0C181186820F0804018601868CB
:101F500020F000501860D86820F02000D8604FF4BE
:101F600040401861D86840F44060D860DCF80C004C
:101F7000007A800703D5D86820F48030D86044F612
:101F8000DC07C2F200073B7800205D1E2B062060B4
:101F90003D7007D141F24807C4F202073B6923F0C4
:101FA00004033B61337803F0E3079BF8003037709C
:101FB00003F0C10302338BF8003001230B70106073
:101FC00082E145F22860CDE90112C2F200003746F5
:101FD000D0F8008057F804AF48460396FFF7DDFDC0
:101FE00014F8250000F01C01042940F04281A8EB00
:101FF0000A017929C0F04E8142F2F801C2F20001D3
:10200000498A9FEDB31A00EE101AB8EE400A9FED10
:10201000B12A20EE010A20EE020ABCEEC00A10EE40
:10202000101A89B2039EB1F52F6FC0F0348144F6C7
:10203000DC0CC2F2000C9CF8003041F24801C4F202
:102040000201002B00F0030A6DD10A6940F27C0EF8
:1020500042F004020A610F6940F6000207F004072B
:102060000497C4F20002049F1768C2F2000E27F022
:1020700070071760DEF800504DF6836705F5F4240D
:1020800004F59074C4F21B37A4FB074744F23F24C5
:10209000C0F20F04A5424FF000044FF0FF3888BF94
:1020A00008EB97449462DEF80070956A0135B7FB3F
:1020B000F5F5642D4FF0000506D3956A6424654359
:1020C0006435B7FBF5F77D1ED56297694FF68C75C1
:1020D000CFF6FE752F4030379761976948F6FF4479
:1020E000CFF6FF64274007F540579761D7692F4027
:1020F0003037D761D769274007F54057D761176A4E
:1021000027F002071762176A27F020071762176A7D
:1021100027F400771762176A27F4005717621768C9
:1021200047F0010717605A1C8CF800200A6840F23B
:10213000091542F001020A600A684FF6FF7402F0C6
:1021400001020592059A4422C4F20202174657F88A
:10215000143F732065F30E1300253B601562D561B3
:102160009369BAF1010F23EA0403936140F6100367
:10217000C4F202031C6860F307041C6042F2F4140A
:10218000C9EB0910C2F2000404EB80035F600F6822
:1021900047F001070F6009684FF4027701F0010171
:1021A00006910699116867F30E111160D56095606C
:1021B00051684FF072076FF30F015160D2F8C817E2
:1021C00067F30701C2F8C81754F820109A6001F1AC
:1021D00030009060186BD0604FF4847050601068CD
:1021E00040F00100106001F12400D061086941F65F
:1021F0007E6240EA02000861C3F834A0C86820F09B
:10220000400018BF4030C860D868007A800707D502
:10221000C86840F48030C860086940F480100861E4
:10222000C8684FF4006220F44060BAF1010F08BFA3
:102230004FF480621044C860C86820F01000C86085
:10224000086840F080400860086840F0005008606E
:102250009BF80000019900F0C10006308BF80000E7
:10226000022008703078029900F00300086030788E
:1022700011E045F22861C2F20001096882060ED41D
:102280003960039940F0200008700C201CE04FF0EA
:10229000FF3019E0039E00F0DF00307013E03A6871
:1022A000891A039A0D290ED39BF8001000F0DF0065
:1022B000107001F0C10003E09BF8000000F0C100C5
:1022C00002308BF80000022007B0BDE8F08F00BF9D
:1022D0008400043A00007A4443F2B870C2F200006D
:1022E00000F053BE43F29860C2F2000000F04DBE11
:1022F00043F2F860C2F2000000F047BE704770473A
:1023000043F25870C2F2000000F03FBE43F61800DE
:10231000C2F2000000F039BEB0B5044642F2D81057
:10232000C2F200000D4610F8241001F03F0141EA0E
:10233000821100F824102046012112F053F928469A
:1023400005F01EFC42F2D415C2F2000555F8240037
:10235000D0B947F6095147F62D50C0F60001C0F636
:102360000000002C08BF084640F2340140F2580239
:10237000C2F20001C2F2000208BF0A4600210BF0BF
:10238000CBFD45F8240008B1B0BD00BFFEE700005A
:1023900082B080B582B0CDE9042304AB45F2286059
:1023A0000193C2F20000006804A2442109F044FE37
:1023B00002B0BDE8804002B0704700BF41445649BA
:1023C00043453A207570646174652055534250440A
:1023D0005F44504D5F4861726452657365740000DC
:1023E000704780B5802000F022FF4FF4807000F02D
:1023F0001EFF4FF40070BDE8804000F018BF0000E1
:10240000F0B581B00022009290F85820012A01D145
:102410000221A0E10123076880F85830BB685B0700
:1024200035D4D1E900531F26C3F3012407EB8404FC
:10243000226B03F01F039E40B243C5F3846606FA85
:1024400003F31A432263BA68BB6802F0040203F084
:102450000803D21840F0BC800A6807F11403042670
:10246000C2F34064D1F808E006EAD25C53F8245085
:10247000C2F304540722A240BEF1004F25EA020530
:102480000BD143F80C501A6842F000430DE0C16DC7
:1024900041F02001C16501215AE10EFA04F22A43FC
:1024A00043F80C201A6822F000437B61D1E9043420
:1024B000FD68042B5FD13A6E3A6E0B68C2F38462FA
:1024C00093FAA3F6C3F3846C6FF3DF43B6FA86F591
:1024D000002B2C464FF6FF7E08BF6446A242C0F296
:1024E000070E0CD13A6E22F000423A660A6802EA00
:1024F0000E03C2F3846C92FAA2F2B2FA82F57A6EFB
:102500007A6E002BC2F384622C4608BF6446A24256
:102510000CD17A6E22F000427A660A6802EA0E0353
:10252000C2F3846C92FAA2F2B2FA82F5BA6EBA6E73
:10253000002BC2F384622C4608BF6446A2420CD131
:10254000BA6E22F00042BA660A6802EA0E03C2F3CB
:10255000846C92FAA2F2B2FA82F5FA6EFA6E002B4D
:10256000C2F3846208BF6546AA4231D1FA6E22F0F6
:102570000042FA662CE0062202EA95020E6807F194
:10258000600504FA02FC55F823404FF20002C0F245
:10259000FF3206F0F846224046EA0C06324342F08B
:1025A000004245F823200A698B6955F8226026F01D
:1025B0008076334345F822300A690B7F55F8226054
:1025C000012B26F0007608BF06F1007645F8226060
:1025D000BA68D2074FD10C68CA68D7F8B0602346F2
:1025E0006FF3DF4326EA030C4FF6FF7602F018057F
:1025F000C0F20706EE4000252640C4F27F0546EAF9
:102600000C06AA42C7F8B06035D18BB194FAA4F297
:10261000B2FA82F2013202F01E03092B02F01F030C
:102620000FD801229A4003EB430342EA035314E01C
:10263000012202EB946202F01E030A2B02F01F0338
:10264000EFD3012200269A4003EB4303CFF6206626
:1026500006EB03531A4342F00073C3F3406607EBE3
:1026600086068A687569C3F3045307249C40A54312
:102670009A402A43726109680022C8F20802114296
:1026800065D040F2083CC5F2000CDCF800300022B6
:10269000CCF22132914203F0E07404D01022C9F24E
:1026A000C002914228D119024FF0000150D4B7F175
:1026B000A04F4DD1DCF8001042F6635221F0E071DA
:1026C000214341F40001CCF8001040F27C01C2F239
:1026D00000010968C0F23E528909A1FB021291096A
:1026E00001EB41010C2202EB810100BF0091009936
:1026F00069B300990139F9E70022CCF25272914294
:1027000008BF13F0807215D00022CCF684329142BB
:102710004FF0000108BF13F4800219D1ACF502722A
:10272000974215D0DCF8001021F0E071214341F40C
:1027300080010AE0ACF502718F4208D0DCF800108D
:1027400021F0E071214341F08071CCF800100021AC
:10275000002280F85820084601B0F0BD2DE9F04174
:1027600098B00446002000902CB3E06D002840F0A3
:10277000C88013A81421FEF7AAF802A84421FEF786
:10278000A6F8206840F20011C5F20001884214D07A
:10279000B0F1A04F40F0B1804FF4004002904FF0F4
:1027A0000050119002A801F077F8B0B1EFF310805B
:1027B00072B600BEFEE701207AE14FF400400290BD
:1027C0004FF00050119002A801F066F8002846D0A2
:1027D000EFF3108072B600BEFEE742F2DC11C2F2E7
:1027E00000010A6841F24C00C4F20200531C0B6065
:1027F00042B9016841F400510160016801F40051DF
:10280000019101990168002641F001010160006811
:1028100013A900F00100019001980D2013900320EE
:1028200014904FF09040159600F04CFD43F29865DF
:102830001C20C2F20005C4F20200052180224FF4E0
:10284000807385E8430005F114004FF4806C4FF06D
:10285000200EC5E9036280E808502E6241E042F292
:10286000DC11C2F200010A6841F24C00C4F202001D
:10287000531C0B6042B9016841F4005101600168CA
:1028800001F400510191019901684FF0200841F0D5
:10289000010101600068002700F00100019001982B
:1028A0000320149013A94FF09040CDF84C80159759
:1028B00000F008FD1C20C4F2020043F2F865143059
:1028C000C2F20005242180224FF4807385E8830042
:1028D00005F114004FF48066C5E9037280E84801F1
:1028E0002F62284600F09EFB28B1EFF3108072B6ED
:1028F00000BE00BFFEE76565AC620020206684F87C
:10290000580021688868800006D588684FF6C07234
:10291000C5F6FF72104088608868C00020D44FF66A
:10292000C0728868C5F6FF7202F18052104000F153
:102930008050886040F27C00C2F20000006842F6DD
:1029400063528009C0F23E52A0FB020290090222AB
:1029500002EB40000090009810B100980138F9E7B0
:102960008868C00009D4E06D40F01000E065206E7A
:1029700040F001002066012000E000208A68E36D3D
:1029800002F0040203F01003D218E26D5DD122F4CC
:1029900081720232E2658A68D20710D10822C5F23C
:1029A00000021368D2F800713B43DB0707D163686C
:1029B000D2F8007327F47C173B43C2F80033627FE0
:1029C000E36B43EA4232D4E902731A4394F82430A9
:1029D0003A43012B42EA034206D1A36A0027CFF60D
:1029E000FE7707EB43431A43E36A23B1276B03F4F3
:1029F00078733B431A43CB6844F20707CFF6F0776E
:102A00003B401A43CA600A69636B22F040621A4372
:102A10000A618A6812073CD494F83820237F520058
:102A200042EA8332CB6844F20207BB431A43CA60CE
:102A300022690B696AB143F480330B61D1F8C0306D
:102A400043F6FF77BB431A430BE042F0100101202D
:102A50002DE023F480320A61D1F8C02043F6FF73E1
:102A60009A43C1F8C02094F840300A69012B0DD177
:102A700040F2FD739A43D4E91137D4E913651A4340
:102A80003A4332432A4342F0010201E022F00102BC
:102A90000A6162690B6B012A23F00F0202D1236ADB
:102AA000013B1A430A63E16D012262F30101E16512
:102AB00018B0BDE8F08100002DE9F04182B0044675
:102AC00040F20830C5F20000076823689A68520790
:102AD00000F18E800A4694F85810012900F0888091
:102AE00007F01F0109291BD801278F4040F221263A
:102AF000374215D0002701979F684FF6C078FF072F
:102B0000C7F6FF7832D19E6808F17F052E420BD0C0
:102B1000E06D40F01000E065206E40F0010020669E
:102B2000002084F8580063E09E6806EA080646F034
:102B300001069E60066836025DD445F22865C2F241
:102B400000052E681F68FF0710D19F68FF0705D199
:102B50009F6807EA080747F001079F602F68BF1BBF
:102B6000032FEFD31F68FF07ECD1D1E7E76D40F6E5
:102B70000176B743A0F5027007F580778342E765D9
:102B800000D119B9E06D20F48010E065E06D41F6E8
:102B90003137C0044FF0000044BF206E20F0060023
:102BA0002066606D41F69736C0F60007C0F6000655
:102BB00041F683350021C0F60005C0E90B761C27DD
:102BC00045631F6084F85810596841F0100159603E
:102BD000D96841F00101D96003F14001032300F0FD
:102BE000B4FA2068816801EA080141F004018160BB
:102BF00002B0BDE8F08140F27C06C2F20006366801
:102C000042F66355B609C0F23E55A6FB0565AE090E
:102C100006EB46060C2505EB860600BF0196019ED5
:102C2000002E8AD0019E013EF8E700002DE9F04118
:102C300000284FF0010300F0D880002900F0D58073
:102C40004379012B4FF0020300F0CF80D1F808C088
:102C50000125BCF1040F4571037141D145F2286E85
:102C6000C2F2000EDEF8004003685D6BE2B1B5F120
:102C7000FF3F0CDCDEF800502D1B022D04D35D6BF2
:102C8000B5F1FF3F40F3B4805D6B002DF2D44D6A87
:102C90005D640DE0DEF800502D1B022D03D35D6B4B
:102CA0002D0400F1A5805D6B2D04F3D44D6A1D64E5
:102CB000D3F848E002F0100440F2FF35A5402EEAB8
:102CC000050ED1E90A57FF26A54045EA0E059D6489
:102CD000DD6CA64025EA0606A7403743DF6400E026
:102CE0000368CF69012F0BD19F6B02F010021F26E2
:102CF0000D6A9640B74305FA02F637439F6301E039
:102D000002F01002D3F83CE08C69012C04D0022CB4
:102D100005D14FF0010807E04FF0000804E04C69CE
:102D2000B4FA84F44FEA54184D690E794C7945EAA7
:102D30000805012E08BF45F4807540F20737012CC5
:102D400008BF45F4007597404CEA050C6FF4404409
:102D50000D687C40022D04EA0E040ED140F27C077F
:102D6000C2F20007D7F800E046F60105C0F6891563
:102D7000AE4504D344F4004409E02C4307E04BF291
:102D80000045C0F2C445AE4588BF44F480440CFA07
:102D900002F72743DF634FF480471E68974026EA17
:102DA00007071F601F6840F6FE769640B743D1E9DB
:102DB000036106FA02F52F431F60C0271D68974084
:102DC00025EA07071F60C6F3830701F03C0147EAC5
:102DD00081111F6E40F60F769640B74391403943FC
:102DE000196601210023017143711846BDE8F08185
:102DF0000169032341F0080101610371F5E70168EE
:102E00000B68D1F834C09A040FD51CF400520CD0D2
:102E100004220271026942F0010202614FF4005281
:102E20004A630A6822F480520A609A0010D51CF0A6
:102E3000005208BF704704220271026942F0020288
:102E400002614FF000504863086820F0805008602D
:102E5000704700B382B00179002951D1016841F275
:102E60000003C5F2000300229942427115D040F6DA
:102E70000002C5F20002914242D141F24C01C4F27B
:102E800002010A6842F480320A60096801F4803164
:102E9000019101990EE0012139E041F24C01C4F2A7
:102EA00002010A6842F480220A60096801F4802164
:102EB000009100994EF60C51CEF2000109684FF0D6
:102EC000FF33C1F3022181F00702042A28BF042244
:102ED000033903FA02F24FF0030338BF002123EA5B
:102EE000020202FA01F14EF236420901CEF200026C
:102EF00011704EF20411CEF200014FF480020A600C
:102F000002210171002101220161027102B0084613
:102F1000704780B590F8251002292CD10168D0E9BE
:102F200010CE826C0B6823F00E030B600B6823F04D
:102F300001030B60116821F4807111600EF01F0213
:102F4000012101FA02F2CCF80420D0E913325A60D0
:102F5000426D32B1136823F480731360D0E91623F5
:102F6000536080F82510826B002180F8241052B144
:102F70009047002107E00421C1630121002280F86D
:102F8000251080F82420084680BDB0B5D0E910C3D4
:102F90000268DCF8001003F01F030424D2F800E0FC
:102FA0009C400C4218BF1EF004051AD102249C401C
:102FB0000C4218BF1EF002051FD1D94009071BD5CE
:102FC0001EF0080118D0116821F00E0111600121D6
:102FD00001FA03F2CCF80420C16380F82510416B9C
:102FE00018E01168890603D4116821F0040111600A
:102FF000CCF80440016B91B9B0BD1168890606D4C4
:10300000116821F00A011160012180F82510CCF827
:103010000440C16A0022002980F82420ECD0BDE8D9
:10302000B040084700284FF0010100F08C802DE9E6
:10303000F04740F2000CC4F2020C03684FF6F8327D
:103040000CF5816ECBF6FD72734538BF02F58062D8
:103050004CF6CD441A44CCF6CC44A2FB042803F031
:10306000FC02A2F10802A2FB04290CF580656FF0B6
:103070000304D0E90262D0F810A03CBF0025C4F2DE
:10308000020504EA9804C0E91054022580F825508E
:103090001D6847F6F07725EA07073A43476942EA91
:1030A0000A0285693A43C7692A43056A3A432A43B3
:1030B00032431A600CF50262734538BF0CF50062AA
:1030C000A3180CF50862C264C9F3041240F6840C1C
:1030D00001FA02F2B6F5804FC4F2020C8364026575
:1030E00005D1002141601960CCF800201CE0416846
:1030F0005FFA81FE013903294FF00001C3F800E0B7
:10310000CCF8002010D8AEF101020CEB820747F892
:103110007C1F02F01F01012202FA01F30CF1BC0234
:103120003946CCF8C03001E00022002300F1540CF5
:103130008CE80E0000210122C16380F8252080F870
:103140002410BDE8F047084670472DE9F04190F89B
:1031500024C0BCF1010F43D04FF0010C80F824C013
:1031600090F825C0BCF1010F37D14FF0020C80F868
:1031700025C04FF0000CC0F83CC0D0F800C000F1F2
:103180004C0E9EE83040DCF80060BEF1000F26F0E7
:103190000106CCF8006065601CBFD0E9164565608B
:1031A000D0E91076012506F01F068468B540D0F8F6
:1031B00030807D60CCF804300B46102C04BF1346E1
:1031C0000A46CCF80830CCF80C20DCF80010B8F136
:1031D000000F08D041F00E010DE0002180F824100E
:1031E0000220BDE8F08121F00401CCF80010DCF8E9
:1031F000001041F00A01CCF80010806C0168C9038E
:1032000003D5016841F480710160BEF1000F05D063
:10321000DEF8000040F48070CEF80000DCF800001A
:1032200040F00100CCF800000020BDE8F08140F241
:103230001441C4F201010A68024216D0B0F5007FC1
:10324000086020D0B0F5807F10D0802818BF70476C
:1032500040F21040C4F600000068000620D442F29C
:103260007020C2F2000008F0F0B8704740F2104041
:10327000C4F600000068C00518D442F23820C2F23B
:10328000000008F0E2B840F21040C4F60000006808
:10329000800511D442F25420C2F2000008F0D5B8E3
:1032A00042F27020C2F2000008F00DB942F238205C
:1032B000C2F2000008F007B942F25420C2F2000046
:1032C00008F001B92DE9F04F82B00C68002C00F035
:1032D000C88041F2004500F13847C4F600050622D7
:1032E0004FEAB726A84208BF0522052E38BF4FEA8D
:1032F000B722012700254FF0000E0126009200BFE3
:10330000A6F1010907FA09FB14EA0B0800F09E80F8
:10331000D1F804C003230CF00304621EAB40012A61
:103320006FEA030A10D88268CB6802EA0A02AB404F
:103330001A4382604268CCF3001322EA0B0203FABC
:1033400009F31A43426003E0032C01D103241FE078
:10335000C2688B6802EA0A02AB401A43022CC260C0
:1033600016D16FF0030202EA590202440EF01C0467
:103370000F23D2F820C003FA04FB0B692CEA0B0CD4
:10338000A34043EA0C031362D1F804C00CF0030419
:10339000026804FA05F302EA0A021A431CF4403FE9
:1033A000026053D041F26003C4F202031A684FF680
:1033B000084A42F001021A601A68CFF6FF7A02F05A
:1033C00001020192019A29F0030240F20049C4F27D
:1033D00001094A4452F80AC00EF00C040F23009F62
:1033E000A3402CEA030307FA04F4234342F80A300B
:1033F000D9F808C04B684CEA0804DA0258BF2CEA36
:10340000080440F20C4CC9F80840C4F2010CDCF886
:1034100000209F0242EA080458BF22EA0804CCF8C0
:103420000040D9F804209C0342EA080758BF22EA6A
:103430000807C9F80470D9F80020DB0342EA08073E
:1034400058BF22EA0807C9F8007001270C680EF17E
:10345000040E34FA06F206F1010605F102057FF4C6
:103460004FAF02B0BDE8F08FB0B582B041F20801B5
:10347000C4F202010A6D47F6543342F020020A6595
:103480000A6DC0F6010302F020020192019A0A6857
:103490000A680A680A6842F20002C4F2020212686C
:1034A00040F27C02C2F20002126809680546C1F3CC
:1034B0000221595C4FF0FF3001F01F0122FA01F1A7
:1034C0004DF68362C4F21B32A1FB021200EB924163
:1034D00043F64C6041F20042C2F20000C4F2000226
:1034E00040F2E7330024C0E90021C0E9024304614F
:1034F00000F0BFFC08B1012034E043F64C60C2F29A
:10350000000000F0C8FD68BB4EF20410CEF20000CF
:103510004FF4000101600F2D4FF0010022D84EF64C
:103520000C51CEF2000109680023C1F3022181F0A1
:103530000702042A28BF0422033938BF19464FF076
:10354000FF3303FA02F2D24302FA01F14EF237429C
:103550000901CEF20002117045F22C61C2F20001A5
:103560000870002002B0B0BD2DE9F04387B040B133
:10357000044690F83A00052803D094F83A0002284F
:1035800003D1012007B0BDE8F08341F24C00C4F242
:103590000200416941F001014161416901F001010D
:1035A0000291029994F83A1011B9002184F8391067
:1035B000216840F20833C4F20103002299420692C6
:1035C000059214D040F20432C4F20102914222D199
:1035D000016841F0020101600068012100F0020071
:1035E0000190019840F20040C4F600000BE0016831
:1035F00041F0010101600068022100F0010001902A
:1036000001984FF090400291032103910021049111
:1036100002A9FFF757FED4F808C04CF0200060283C
:1036200021D1D4E9000ED4F810800168E26A21F0BB
:10363000100111430160016843F61162CEF20002ED
:103640001140D4E9095641EA0E01227D41EA080100
:103650002943D4E90C73012A08BF41F48071314336
:1036600041EAC74122E0D4E9000ED4E903890768A2
:10367000E66A27F0100737430760076843F61166CC
:10368000CEF20006374047EA0E07D4E9095147EA6F
:103690000807267D47EA0907D4E90C232F43012EAA
:1036A00008BF47F48077394341EAC24141EA0362E7
:1036B00042EA0C0101608169002909D4816904F1A1
:1036C00018078CCF21F03F01114319433943816121
:1036D00094F83A0010B9012084F83A00002051E72C
:1036E00070B5014643F64410C2F20000D0F8D8424B
:1036F00069B194F89C02032818BF70BDD4F8B802D1
:103700004269002A6ED02046BDE87040104701EBA8
:10371000810100EBC100406AD4F8941202295AD109
:10372000D4E90712914217D9891AD4F8C422012387
:1037300082F83430002302F1240CE1618CE80B00A4
:1037400011634FF480731068114621F8103F04F59F
:10375000317504F007FC31E01CD1A069884219D30F
:10376000D4F89812884215D2D4F8C4120120002649
:1037700081F834004FF480720868C1E90966C1E934
:103780000B6621F8102F04F5317504F0EBFBC4F83B
:10379000986213E094F89C02032805D1D4F8B8028B
:1037A000C16809B120468847D4F8C402802104F5D5
:1037B000317503F05AFF0520C4F8940229680020EF
:1037C000C1E95900C1F86C01A1F85001086801F580
:1037D000A87104F0C7FB94F8A002012802D10020D0
:1037E00084F8A00270BD10B5014643F64410C2F241
:1037F0000000D0F8D84261B194F89C02032818BFA9
:1038000010BDD4F8B802826922B32046BDE810404A
:10381000104701EB810100EBC100D0F86401D4F83E
:103820009412032916D1D4E95712914213D9D4F82E
:10383000C432891AC4F85C11914238BF0A46002488
:10384000C3E95902186803F5A871C3F86C41A3F8DD
:1038500050411DE010BD94F89C02032805D1D4F816
:10386000B802016909B1204688470420C4F89402CF
:10387000D4F8C4220120002382F834004FF480746D
:1038800010681146C2E90933D36221F8104F13635F
:10389000BDE8104004F066BB70B581B0036841F22A
:1038A0000C061903C4F2020602D44FF0000C52E0D9
:1038B000F16C11F0805E08D1F16C41F08051F1643F
:1038C000F16C01F080510091009947F20002C4F2BE
:1038D0000002116841F48071116045F22861C2F262
:1038E00000010C681568ED0506D40D682D1B022D2E
:1038F000F8D94FF0030C27E0D6F88420D0F840C068
:1039000012F4407216D0624511D0D6F88420D6F851
:10391000844022F4407244F48034C6F88440D6F8DF
:10392000844024F48034C6F88440C6F88420D2074A
:1039300040F0B680D6F8841021F4407141EA0C01C1
:103940004FF0000CC6F88410BEF1000F03D1F16CEB
:1039500021F08051F164D90705D0F16F426821F060
:1039600003011143F167990705D5F16F826821F0D2
:103970000C011143F167590705D5F16FC26821F0B9
:1039800030011143F167190705D5F16F026921F084
:10399000C0011143F167990605D5F16F426921F421
:1039A00040611143F167590605D5F16F826921F431
:1039B00040511143F167190605D5F16FC26921F431
:1039C00040411143F167D90505D5F16F026A21F431
:1039D00040311143F167990505D5F16F426A21F431
:1039E00040211143F16759050CD5F16F826A21F42A
:1039F00040111143B2F5801FF16703D1316841F4E2
:103A00008011316019050CD5F16FC26A21F44001B3
:103A10001143B2F5800FF16703D1316841F4801191
:103A20003160D9040CD5F16F026B21F04071114364
:103A3000B2F1807FF16703D1316841F480113160C8
:103A400099040CD5F16F426B21F040611143B2F142
:103A5000006FF16703D1316841F48011316059047E
:103A60000CD5F16F826B21F040611143B2F1006F10
:103A7000F16703D1316841F48011316019040CD52C
:103A8000F16FC06B21F040510143B0F1805FF167ED
:103A900003D1306840F480303060604601B070BDC2
:103AA0000A6841F2883400BFD6F88450AD073FF56C
:103AB00041AF0D68AD1AA542F6D91AE780B541F2BB
:103AC0000801C4F20201086842F20042C0F2F402A6
:103AD00000F00C000428104608BF80BD086800F004
:103AE0000C00082843F20060C0F26E1021D00B6871
:103AF00003F00C030C2B1CBF002080BDD1F804C0C8
:103B00004B680CF0030CC3F3031E4B680EF1010E5F
:103B1000BCF1030F08BF02464968B2FBFEF0C3F3D5
:103B20000623C1F341610222584302EB4101B0FB7D
:103B3000F1F080BD70B5044690F85D00012877D1A2
:103B4000002975D0002A73D094F85C00012808BFC2
:103B500070BD012084F85C000320002384F85D0020
:103B60002366A163A287E2872364C4E91333A4F820
:103B70004430A4F84630A0682268B0F5004F07D161
:103B8000106820F040001060106840F48040106021
:103B9000606D46F60F0E46F6110546F2D576C0F674
:103BA000000EC0F60005C0F60006C0E90B5EC0E9D5
:103BB0000D63D4F80CC05368BCF5E06F23F4804368
:103BC000536015D88369B3F5806F11D1E68F5368C0
:103BD000F60705D123F480435360E38F5B0806E0CA
:103BE00043F480435360E38F012606EB5303E387DE
:103BF000E38F0C32FFF7A9FA38B1206E40F01000C5
:103C00002066002084F85C0070BD206801684906C9
:103C100003D4016841F040010160002184F85C1088
:103C2000416841F020014160416841F0020141607A
:103C300070BDB0B590F83C20012A01D102215BE0B3
:103C4000D1E90232D1E900CE22F47C5223F4705340
:103C500043EA020448F2FF73CEF6F0730EEA030261
:103C6000224303F5006404EA0C0442EA040C0C69E4
:103C700003F5C05222404C6942EA0C02224303F58C
:103C8000605422400C6B03F5F04323401A438B69C8
:103C900040F2000CCC69CEF6FF7C0CEA03431443DF
:103CA000D0F800C043F20042C4F20102944543EA56
:103CB000040305D042F60042C4F20102944516D135
:103CC0004FF6FF72CDF60F421A40D1E9083ED1E916
:103CD0000A410025CDF6F04505EA0454224323F0BD
:103CE00008531A432EF000531A4342EA01030021FD
:103CF000CCF8443080F83C100846B0BD70B590F860
:103D00003C20012A4FF0020247D080F83D20026893
:103D100043F2004C54689368C4F2010C42F6004E22
:103D20006245C4F2010E01D0724503D14D6824F4FE
:103D300070042C434FF68F75CFF6FF550E682C405C
:103D400042F6FF35C4F201053443AA4254600FDC49
:103D5000B2F1804F16D040F20046C4F20006B242E3
:103D600010D040F60006C4F20006B2420AD00EE0BF
:103D7000724507D044F20006C4F20106B24201D0F7
:103D8000624504D1896823F08003194391600121C1
:103D9000002280F83D1080F83C20104670BD41B1F3
:103DA00008290ED0042914BF00F1470200F1450292
:103DB00009E090F84420012A5AD1022280F84420D8
:103DC00010E000F146021278012A51D1022208299E
:103DD00006D0042914BF80F8472080F8452001E070
:103DE00080F84620006801F00F010422036A02FAFD
:103DF00001F123EA01020262026A11430162416C8D
:103E000042F6FF32C4F2010241F4004190424164A3
:103E10000DDCB0F1804F1CD040F20041C4F2000133
:103E2000884216D040F60001C4F200010FE042F6CD
:103E30000041C4F2010188420BD044F20001C4F2F7
:103E40000101884205D043F20041C4F201018842D9
:103E50000AD181680722C0F201021140062907D069
:103E6000B1F5803F08BF7047016841F00101016072
:103E7000704740B310B582B0044690F83D0020B3BF
:103E8000022084F83D002068211D02F0AFFF0120D0
:103E900084F8480084F83E0084F83F0084F840002D
:103EA00084F8410084F8420084F8430084F8440018
:103EB00084F8450084F8460084F8470084F83D0003
:103EC000002002B010BD01207047206843F2FF328D
:103ED000C4F201020021904284F83C103FDC41F220
:103EE0000001C4F20001884252D042F60041C4F2FF
:103EF00001018842C4D141F26000C4F202000168AD
:103F00004FF0FF3241F400610160006800F400608E
:103F1000019001984EF60C50CEF200000068C0F3FC
:103F2000022080F00701042928BF0421033802FA87
:103F300001F14FF0030238BF002022EA010101FA2B
:103F400000F04EF219410001CEF2000108704EF26D
:103F50000010CEF200004FF00071016090E743F2D4
:103F60000041C4F20101884249D044F60001C4F284
:103F7000010188427FF484AF41F26000C4F2020084
:103F8000016841F480210160006800F4802041E074
:103F900041F26000C4F2020050F8081C4FF0FF32FA
:103FA00041F0100140F8081C50F8080C00F0100017
:103FB000019001984EF60C50CEF200000068C0F35C
:103FC000022080F00701042928BF0421033802FAE7
:103FD00001F14FF0030238BF002022EA010101FA8B
:103FE00000F04EF219410001CEF2000148774EF286
:103FF0000010CEF200004FF48001416040E741F232
:104000006000C4F20200016841F4005101600068E0
:1040100000F400500190019832E790F83D1001291A
:1040200038D1022180F83D10006842F6FF31C4F219
:10403000010188420DDCB0F1804F1CD040F20041FC
:10404000C4F20001884216D040F60001C4F200011B
:104050000FE042F60041C4F2010188420BD044F265
:104060000001C4F20101884205D043F20041C4F2CC
:10407000010188420AD181680722C0F20102114081
:10408000062907D0B1F5803F08BF7047016841F0AD
:1040900001010160704790F83D1001291CBF01200B
:1040A0007047022180F83D10016842F6FF32C8686F
:1040B000C4F20102914240F00100C8600DDCB1F190
:1040C000804F1CD040F20040C4F20000814216D064
:1040D00040F60000C4F200000FE042F60040C4F2D7
:1040E000010081420BD044F20000C4F20100814281
:1040F00005D043F20040C4F2010081420CD188682F
:104100000722C0F201020240062A4FF0000008D048
:10411000B2F5803F08BF7047086840F001000860B2
:104120000020704780B590F83C20012A4FF0020231
:1041300000F0A58080F83D20D0F800C08822DCF88F
:104140000830CFF6CE721A40CCF808200B686F2BDF
:104150000FDD1F22C0F21002934235DCB3F5005F81
:1041600044DA702B00F08D80B3F5805F00F0808022
:10417000CFE02F2B34DD4F2B3DDC302B6CD0402B90
:1041800040F0C780D1F804E0C968DCF82030DCF8E2
:10419000202022F00102CCF82020DCF8182022F0A8
:1041A000F00242EA011123F00A0242EA0E02CCF8C0
:1041B0001810CCF82020DCF808104FF68872CFF6E3
:1041C000CF721140473151E03F21C0F210018B42C4
:1041D00038DC2021C0F210018B423DD0302137E085
:1041E000D3B3102B38D0202B36D092E05CD0B3F173
:1041F000101F31D08DE0502B69D0602B40F08980AA
:10420000D1F804E0C968DCF82030DCF8202022F086
:104210001002CCF82020DCF8182022F4704242EA88
:10422000013123F0A00242EA0E12CCF81810CCF8AB
:104230002020DCF808104FF68872CFF6CF721140BC
:10424000673113E04021C0F210018B4204D070218D
:10425000C0F210018B425CD1DCF808104FF6887276
:10426000CFF6CF721140194341F00701CCF8081086
:104270000022012180F83D10002180F83C101046FA
:1042800080BDD1E901E3C968DCF8082043EA0E03E8
:1042900022F47F4243EA01211143CCF80810DCF8F4
:1042A000081041F07701E1E7D1E901E3C968DCF8E2
:1042B000082043EA0E0322F47F4243EA012111431E
:1042C000CCF80810DCF8081041F48041CEE7D1F8B2
:1042D00004E0C968DCF82030DCF8202022F001027C
:1042E000CCF82020DCF8182022F0F00242EA01117C
:1042F00023F00A0242EA0E02CCF81810CCF8202073
:10430000DCF808104FF68872CFF6CF7211405731A3
:10431000ACE70122ADE72DE9F04704460068C56827
:104320000669B10708D515F0020105D06FF002014A
:104330000161816900212177710708D515F0040119
:1043400005D06FF0040101618169002121773107F7
:1043500008D515F0080105D06FF008010161C169A9
:1043600000212177F10608D515F0100105D06FF076
:1043700010010161C16900212177F10718BF15F013
:1043800001014BD116F4025F05F0800018BF002830
:1043900003D021686FF402520A61F10504D518B107
:1043A00020686FF480710161700606D515F0400039
:1043B00003D020686FF040010161B00606D515F00A
:1043C000200003D020686FF020010161F00206D5C3
:1043D00015F4801003D020686FF480110161B002E1
:1043E00006D515F4001003D020686FF400110161A8
:1043F000700206D515F4800003D020686FF48001A8
:104400000161300208D515F4000008BFBDE8F0874F
:1044100020686FF400010161BDE8F08743F6B451F4
:10442000C2F200016FF001028C42026115D043F626
:104430000060C2F20000844240F0828042F2A42078
:10444000C2F20000017889B343F61C52C2F20002A6
:10445000126800210170516372E0086845F228611A
:10446000026842F2FC40C2F20001C2F200000B6896
:104470000768D206A3EB07020BD4022A60D30968AF
:1044800042690160127A002A5AD10269083000217B
:104490000AE0022A54D3096842690160127A002AAC
:1044A0004ED1026908300121904749E042F29C2A2E
:1044B00042F29429C2F2000A42F28C28C2F20009A8
:1044C000DAF80020C2F20008D9F800700121D8F80B
:1044D00000300170511E42F2A02042F2982207EBF8
:1044E0004707C2F20000C2F2000203EB8703006834
:1044F00012689B68CAF80010984743F61C51C2F234
:10450000000109684863DAF80000C8B942F2902156
:10451000C2F20001D9F8000009780130002918BF63
:1045200002218842C9F8000002D106F0F5FF07E039
:10453000D8F8001000EB400001EB800007F020F8F5
:10454000206841F20041C4F2000188427FF41AAFB2
:1045500045F22860C2F2000001680131016011E7F4
:104560002DE9F04186B0044601A81421FCF7AFF90B
:1045700043F2FF30C4F20100844229DD43F20040DF
:10458000C4F20100844247D044F20000C4F20100AA
:10459000844273D044F60000C4F20100844240F02B
:1045A000A28041F24C00C4F20200016841F0020115
:1045B0000160006800F00200009000982020019047
:1045C0000220029000200390032004900A2081E042
:1045D000B4F1804F67D042F60040C4F2010084423B
:1045E00040F0818041F24C00C4F2020001684FF0BB
:1045F000904441F001010160006800F0010000906A
:1046000000984FF4C07001900220029000200390A7
:1046100003200490062061E041F24C00C4F2020045
:10462000016840F2004441F0040101600168C4F6F1
:10463000000401F004010091009901684FF00208A4
:1046400041F0020101600068002600F002000090C5
:104650000098402001900327042504F5806001A9FB
:10466000CDF80880039604970595FEF72BFE0820E9
:10467000CDE90108CDE90367059530E041F24C0032
:10468000C4F20200016841F002010160006800F01C
:104690000200009000984FF48040019002200290A8
:1046A0000020039014E041F24C00C4F202000168C3
:1046B00041F002010160006800F0020000900098E3
:1046C0004FF48060019002200290002003900320AC
:1046D0000490012040F20044C4F60004059001A9B2
:1046E0002046FEF7EFFD06B0BDE8F08159B10A1F84
:1046F0004FEAB202032A0FD8DFE802F002111417C2
:1047000000F13F0313E090F83E20012A40F07C8046
:10471000022280F83E2026E000F1430307E000F18A
:10472000400304E000F1410301E000F142031B7883
:10473000012B69D1032A07D8DFE802F0020A0E1222
:10474000022280F83F200EE0022280F843200AE097
:10475000022280F8402006E0022280F8412002E098
:10476000022280F84220006801F01F020121036A42
:1047700001FA02F293430362036A1343A0F18042F9
:10478000A2F596324FEAB222062A03623DD8914042
:1047900011F0650F39D0416C42F6FF32C4F20102CC
:1047A00041F40041904241640DDCB0F1804F1CD0D7
:1047B00040F20041C4F20001884216D040F60001E8
:1047C000C4F200010FE042F60041C4F20101884248
:1047D0000BD044F20001C4F20101884205D043F23B
:1047E0000041C4F2010188420AD181680722C0F267
:1047F00001021140062907D0B1F5803F08BF70477C
:10480000016841F001010160704742F6FF31C4F2D6
:1048100001018842C9DD43F6FF71C4F201018842FB
:1048200002DC42F60041D6E744F20001C4F2010185
:104830008842DAD044F60001C4F20101884202BF86
:10484000416C41F400414164DAE70000B0B50C4628
:10485000054659B1201F4FEAB000032814D8DFE8FD
:1048600000F00216191C05F13F0118E095F83E0012
:10487000022800F0378195F83E00012840F032818F
:10488000022085F83E003FE005F1430107E005F115
:10489000400104E005F1410101E005F14201097820
:1048A000022900F01F81032806D8DFE800F0020883
:1048B0000B0E05F13F010AE005F1430107E005F1A8
:1048C000400104E005F1410101E005F142010978F0
:1048D000012940F00781032807D8DFE800F0020A29
:1048E0000E12022085F83F000EE0022085F84300FA
:1048F0000AE0022085F8400006E0022085F8410029
:1049000002E0022085F842004FEAB400032800F2DA
:10491000E980DFE800F002274C70686A46F6F7622B
:10492000C0F60002C262686A46F64572C0F600022E
:1049300002632968686A46F64D72C0F60002426357
:1049400001F1340244F20071686AC2F200010831D8
:104950004FF4D873FEF7F9FB002840F0C3804FF402
:1049600000716BE0A86A46F6F762C0F60002C26208
:10497000A86A46F64572C0F6000202632968A86A72
:1049800046F64D72C0F60002426301F1380244F26D
:104990000071A86AC2F2000108314FF4D873FEF723
:1049A000D4FB002840F09E804FF4806146E0E86A26
:1049B00046F6F762C0F60002C262E86A46F6457241
:1049C000C0F6000202632968E86A46F64D72C0F636
:1049D0000002426301F13C0244F20071E86AC2F253
:1049E000000108314FF4D873FEF7AFFB002879D1EE
:1049F0004FF4006122E0286B46F6F762C0F6000231
:104A0000C262286B46F64572C0F60002026329684E
:104A1000286B46F64D72C0F60002426301F1400277
:104A200044F20071286BC2F2000108314FF4D873D0
:104A3000FEF78BFB002855D14FF480512868C268DF
:104A40001143C16004F01F020121036A01FA02F25E
:104A500093430362036A1343A0F18042A2F59632A6
:104A60004FEAB222062A03623DD8914011F0650F49
:104A700039D0416C42F6FF32C4F2010241F40041E8
:104A8000904241640DDCB0F1804F1CD040F20041F7
:104A9000C4F20001884216D040F60001C4F20001C1
:104AA0000FE042F60041C4F2010188420BD044F20B
:104AB0000001C4F20101884205D043F20041C4F272
:104AC000010188420AD181680722C0F20102114027
:104AD000062907D0B1F5803F08BFB0BD016841F09D
:104AE00001010160B0BD42F6FF31C4F2010188420C
:104AF000C9DD43F6FF71C4F20101884202DC42F6CF
:104B00000041D6E744F20001C4F201018842DAD044
:104B100044F60001C4F20101884202BF416C41F435
:104B200000414164DAE7000010B5026801F01F0E91
:104B30004FF0010C146A0CFA0EF324EA030313621B
:104B4000A2F18043A3F59633146A4FEAB323062BF0
:104B5000146213D80CFA03F313F0650F0ED0136A26
:104B600041F2111423420FD1136A44F24444234208
:104B70000AD1536C23F40043536405E044F6000368
:104B8000C4F201039A42EAD0136A41F2111423429B
:104B900008D1136A44F24444234203D1136823F03A
:104BA000010313604FEAB101042908D8DFE801F0DE
:104BB000030B0F131700012180F83E1010BD0121D7
:104BC00080F8431010BD012180F83F1010BD012175
:104BD00080F8401010BD012180F8411010BD012166
:104BE00080F8421010BD00002DE9F04190F83C30F3
:104BF000012B01D10221D0E14FEAB202052A00F2D5
:104C00008681DFE812F006004F00A200F50048019F
:104C1000860103681D6A1A6AA3F1804622F0010228
:104C20001A621A465C6852F818CF8F68A6F5963655
:104C3000D1F800E025F002054FEAB626072E45EA36
:104C400007050AD80127B74017F0E50F1FBFCF6847
:104C500025F00C0527F004073D43072E0BD801274C
:104C600007FA06F616F0E50F1FBF24F44074D1E9E9
:104C7000056734433C434FF68C76CFF6FE760CEA5C
:104C8000060747EA0E075C609F614F6809695F632A
:104C90001D629F6947F008079F619F6927F004071D
:104CA0009F6173E1036843F200461D6A1A6AC4F209
:104CB000010622F010021A621A46D3F804C052F814
:104CC000188FB3428E68D1F800E025F0200545EA40
:104CD000061505D042F60046C4F20106B34207D1DC
:104CE000CE686FF0400725F0C00507EA0616354389
:104CF000A3F18046A6F596364FEAB626072E0CD8C5
:104D0000012707FA06F616F0E50F1FBFD1E9056780
:104D10002CF44064374344EA870C48F6FF44CFF64E
:104D2000FF6404EA080444EA0E27C3F804C09F6144
:104D30004F6809699F631D629F6947F400679F611F
:104D40009F6927F480679F611FE1036843F2004673
:104D50001D6A1A6AC4F2010622F480721A621A46A7
:104D6000D3F804C052F81CEFB3428E68D1F800802B
:104D700025F4007545EA062505D042F60046C4F242
:104D80000106B34207D1CE6840F2FF47360225F450
:104D90004065BE433543A3F18046A6F596364FEAFB
:104DA000B626072E0CD8012707FA06F616F0E50FEF
:104DB0001FBFD1E905672CF44054374344EA071C70
:104DC0004FF68C74CFF6FE740EEA040747EA080724
:104DD000C3F804C0DF614F680969DF631D62DF69E2
:104DE00047F00807DF61DF6927F00407DF61CDE0E6
:104DF000036843F200461D6A1A6AC4F2010622F4EF
:104E000080521A621A46D3F804C052F81C8FB3427B
:104E10008E68D1F800E025F4005545EA063505D046
:104E200042F60046C4F20106B34207D1CE6844F60A
:104E3000FF77360325F44045BE433543A3F1804652
:104E4000A6F596364FEAB626072E0CD8012707FAA4
:104E500006F616F0E50F1FBFD1E905672CF44044B4
:104E6000374344EA871C48F6FF44CFF6FF6404EA60
:104E7000080444EA0E27C3F804C0DF614F680969DB
:104E80001F641D62DF6947F40067DF61DF6927F493
:104E90008067DF6179E00368D3F820C01A6AA3F164
:104EA000804722F480321A621A46A7F596375D6869
:104EB00052F8508FD1F800E08E684FEAB727072FDD
:104EC00009D80124BC4014F0E50F1EBF4C6925F43D
:104ED000803545EA04252CF4003747EA06474FF6AB
:104EE0008C76CFF6FE76033606EA080646EA0E060C
:104EF0005D601E654E6809699E641F621F6D47F004
:104F000008071F651F6D27F004071F653EE001219C
:104F100040E00368D3F820C01A6AA3F1804722F466
:104F200080121A621A46A7F596375D6852F8508FBC
:104F3000D1F800E08E684FEAB727072F09D801247F
:104F4000BC4014F0E50F1EBF4C6925F4802545EAEE
:104F500084252CF4001747EA065748F6FF46CFF69B
:104F6000FF6606F5407606EA080646EA0E265D600C
:104F70001E654E680969DE641F621F6D47F4006795
:104F80001F651F6D27F480671F65090213681943A9
:104F900011600021002280F83C200846BDE8F08125
:104FA00070B582B028B3044690F83D0020B30220CB
:104FB00084F83D002068211D01F018FF012084F8CD
:104FC000480084F83E0084F83F0084F8400084F8EC
:104FD000410084F8420084F8430084F8440084F8D7
:104FE000450084F8460084F8470084F83D0000201E
:104FF00000E0012002B070BD206844F20002C4F25B
:1050000001020021904284F83C102ED0B0F1804F74
:10501000CDD141F25800C4F20200016843F2B875E4
:1050200041F0010101600068C2F2000500F00100DA
:10503000019001980820C4F202003A2110220023B6
:105040004FF0800C4FF4007E4FF4806685E80F50DF
:105050002846C5E906632B62FDF7E4FF98B1EFF33C
:10506000108072B600BE00BFFEE741F25800C4F2E5
:105070000200816841F480318160806800F48030F2
:105080000090009893E7E562AC6290E759B10A1F7F
:105090004FEAB202032A0FD8DFE802F00211141718
:1050A00000F13F0313E090F83E20012A40F07C809D
:1050B000022280F83E2026E000F1430307E000F1E1
:1050C000400304E000F1410301E000F142031B78DA
:1050D000012B69D1032A07D8DFE802F0020A0E1279
:1050E000022280F83F200EE0022280F843200AE0EE
:1050F000022280F8402006E0022280F8412002E0EF
:10510000022280F84220006801F01F020121036A98
:1051100001FA02F293430362036A1343A0F180424F
:10512000A2F596324FEAB222062A03623DD8914098
:1051300011F0650F39D0416C42F6FF32C4F2010222
:1051400041F40041904241640DDCB0F1804F1CD02D
:1051500040F20041C4F20001884216D040F600013E
:10516000C4F200010FE042F60041C4F2010188429E
:105170000BD044F20001C4F20101884205D043F291
:105180000041C4F2010188420AD181680722C0F2BD
:1051900001021140062907D0B1F5803F08BF7047D2
:1051A000016841F001010160704742F6FF31C4F22D
:1051B00001018842C9DD43F6FF71C4F20101884252
:1051C00002DC42F60041D6E744F20001C4F20101DC
:1051D0008842DAD044F60001C4F20101884202BFDD
:1051E000416C41F400414164DAE7B0B5044690F8FF
:1051F0008400012804BF0220B0BD012084F884008F
:105200002420C4F8880020680568016821F00101A5
:105210000160816821F060618160204601F0C3FE79
:10522000206805602020C4F88800002084F88400ED
:10523000B0BDB0B5044690F88400012804BF022038
:10524000B0BD012084F884002420C4F888002068C0
:105250000568016821F001010160816821F0604169
:105260008160204601F09FFE206805602020C4F880
:105270008800002084F88400B0BD000070B50446AA
:10528000006840F62F03C269016886681340202B2E
:105290000DD101F0200306F080555B1918D0616F25
:1052A000002900F09B812046BDE87040084740F689
:1052B0000F031A420CD00123C1F2000306EA030CCB
:1052C00040F22013C0F200430B4013EB0C0376D1E5
:1052D000E36E012B05D112F0100318BF11F010037B
:1052E0002FD1D30206D516F4800303D04FF48011DA
:1052F000016270BD100606D501F0800006F40003BF
:10530000C01840F03B81500640F1688111F0400028
:1053100000F06481206850E8000F216820F0400010
:1053200041E80002002AF5D143F678712020C2F24C
:105330000001C4F8880000208C42A06740F04E8134
:105340004DE1102101628068400600F1AB80B4F8A5
:105350005C00B4F85E10B4F85E20002A00F03E81D4
:10536000884200F03B8100BF206850E8000F2168B0
:1053700020F4907041E80002002AF5D14FF6FE704B
:10538000CEF6FF70216851E8021F2268014042E812
:105390000213002BF6D12020C4F88C000020E06618
:1053A000606700BF206850E8000F216820F01000FF
:1053B00041E80002002AF5D10220206770BDD30722
:1053C00018BF11F4807307D001230362D4F8903022
:1053D00043F00103C4F89030930706F0010E0AD59C
:1053E000BEF1000F07D002230362D4F8903043F0DF
:1053F0000403C4F8903053070AD5BEF1000F07D05C
:1054000004230362D4F8903043F00203C4F89030D0
:1054100013070CD501F0200353EA0C0307D008232F
:105420000362D4F8903043F00803C4F890301305B9
:105430000BD511F0806308D04FF400630362D4F8F9
:10544000903043F02003C4F89030D4F89030002B13
:1054500000F0C48012F020021EBF01F0200106F00F
:10546000805211EB020140F0C580D4F890108068A2
:1054700001F0280100F04000401840F0818043F620
:105480007870C2F20000844208D140F28400C2F277
:105490000000D0F88800012108F0A0FC0020C4F82A
:1054A000900070BDD4F8800000684168B4F85C30AA
:1054B0008AB2002A00F085809A4280F08280A4F8A7
:1054C0005E100068800600F1A58000BF206850E8EB
:1054D000000F216820F4807041E80002002AF5D115
:1054E000206850E8020F216820F0010041E8020224
:1054F000002AF5D1206850E8020F216820F0400012
:1055000041E80202002AF5D12020C4F88C000020D6
:10551000E06600BF206850E8000F216820F010000E
:1055200041E80002002AF5D1D4F8800090F8251057
:10553000022967D1016800F140064CCE0D6825F0C4
:105540000E050D60356825F4807535600E6826F00F
:1055500001060E6003F01F01012303FA01F15160FF
:10556000D0E913215160416D00294DD00A6822F421
:1055700080720A60D0E916124A6045E0A16F8FE69A
:10558000204601F04BFD20688068400620D500BF12
:10559000206850E8020F216820F0400041E8020234
:1055A000002AF5D1D4F8800090B146F6F571C0F626
:1055B00000018163FDF7ADFC80B1D4F88000816B00
:1055C00072E693420AD1006880063FF5F5AE05E029
:1055D00043F67870C2F20000844200D070BD40F201
:1055E0008400C2F20000D0F888000121BDE87040BC
:1055F00008F0F4BB616F00293FF437AF20468847BD
:10560000206832E70421C163012180F825100021C0
:1056100080F8241002202067B4F85E0070BD0000FE
:10562000F0B597B0002800F0D3820446D0F8880087
:10563000002800F09E802420C4F888002068A16A19
:105640000268002922F00102026048D00A0705D54D
:105650004268A36B22F400421A434260CA0705D095
:105660004268E36A22F400321A4342608A0705D591
:105670004268236B22F480321A4342604A0705D500
:105680004268636B22F480221A434260CA0605D541
:105690008268E36B22F480521A4382608A0605D541
:1056A0008268236C22F400521A4382604A060ED5A7
:1056B0004268636C22F480121A43B3F5801F426083
:1056C00005D14268A36C22F4C0021A434260090665
:1056D00005D54168E26C21F4002111434160D4E911
:1056E0000213D4E9042746F6F31611433943E2695D
:1056F0000768CCF6FF7637403943114301604168B3
:105700004FF2FF4621F440511943416048F2000333
:10571000A169C4F2000398421CBF276A3943876815
:10572000C1F2FF16374039438160C76A616A27F0CA
:105730000F070F43C76244F6FF37C4F20007B842B1
:105740004FF010053DDD44F60047C4F20007B842B3
:105750004AD098424FD043F60007C4F20107B8423E
:105760005ED141F24C07C4F20207FF6B0FF21056F4
:1057700052E0002084F8840012A81421FBF7A7F857
:1057800001A84421FBF7A3F8206844F60001C4F205
:105790000001884200F0AE8043F60001C4F201012E
:1057A00088427FF448AF0120019001A8FEF774F809
:1057B000002800F0DA80EFF3108072B600BE00BF60
:1057C000FEE744F20047C4F20007B8421AD044F69C
:1057D0000007C4F20007B84222D141F24C07C4F2DC
:1057E0000207FF6B3F0913E041F24C07C4F20207C6
:1057F000FF6BBF090CE041F24C07C4F20207FF6BDC
:10580000BF0A05E041F24C07C4F20207FF6BBF0874
:1058100047F63436C0F6010607F0030756F827505E
:10582000984221D0B2F5004F45D1082D00F2CA812F
:1058300042F20040C0F2F400DFE815F0090029014F
:105840004601C4013E01C401C401C401440140F247
:105850007C0041F20801C2F20000C4F202010068BB
:105860000968C1F302211EE1082D00F2AB8142F26A
:105870000040C0F2F400DFE815F00900A501530074
:10588000A5014A00A501A501A501510040F27C0037
:1058900041F20801C2F20000C4F202010068096886
:1058A00047F65432C1F30221C0F60102515C01F007
:1058B0001F01C8402DE0082D00F2848142F2004013
:1058C000C0F2F400DFE815F009001B0137017E018A
:1058D00030017E017E017E01350140F27C0041F203
:1058E0000801C2F20000C4F2020100680968C1F3B5
:1058F000022110E10420019001A8FDF7CDFF00284E
:1059000000F07F80EFF3108072B600BEFEE7FEF776
:10591000D5F8002800F02481616A01E04FF40040CE
:1059200046F2FC02C0F6010232F811106268B0FBC8
:10593000F1F002EB42018842C0F044811103884239
:1059400000F24081010E000210EB520041F1000113
:105950000023FCF726F84FF60052A0F54071C0F284
:105960000F029142C0F0FA802CE141F24C00C4F2E7
:1059700002004169002541F480414161416901F41F
:10598000804100910099016841F0040101600068C4
:1059900012A900F00400009000983020129002201C
:1059A00013900720169040F60000C4F60000CDE9E1
:1059B0001455FDF787FC4EF60C50CEF2000000683F
:1059C0004FF0FF32C0F3022080F00701042928BF06
:1059D0000421033802FA01F14FF0030238BF2846D0
:1059E00022EA010101FA00F04EF225410001CEF257
:1059F000000108704EF20410CEF200002021016078
:105A000019E641F24C00C4F20200C168002641F4DC
:105A10008021C160C16801F4802100910099016872
:105A200041F004010160006812A900F00400009038
:105A300000984FF4406012900220139007201690B7
:105A400040F60000C4F60000CDE91466FDF73AFC0C
:105A500041F20800C4F2020043F61805A0F54060C8
:105A6000C2F200051D211022802785E8C7002846C4
:105A7000C5E90566C5E90766FDF7D4FA002800F018
:105A8000DB80EFF3108072B600BE00BFFEE740F28D
:105A90007C0041F20801C2F20000C4F20201006879
:105AA0000968C1F3C22147F65432C0F60102515CC5
:105AB00001F01F01C84001E0FEF700F800284FD0B8
:105AC000616A01E04FF4004046F2FC02C0F60102B8
:105AD00032F811106268B0FBF1F0510801EB4000A0
:105AE000B0FBF2F04FF6EF72A0F11001914269D8CD
:105AF0004FF6F0710140C0F3420008442EE040F23E
:105B00007C0041F20801C2F20000C4F20201006808
:105B10000968C1F3C22147F65432C0F60102515C54
:105B200001F01F01C84001E0FDF7C8FFC0B1616A84
:105B300001E04FF4004046F2FC02C0F6010232F8E8
:105B400011104FF6EF72B0FBF1F0616800EB5100FD
:105B5000B0FBF1F0A0F11001914233D82168C86088
:105B60004FF00110A066002120686167A1674268BC
:105B700022F490424260826822F02A028260026827
:105B800042F001020260C4F8901045F22861C2F2AE
:105B900000010D68016809071DD520464FF400116A
:105BA0002A4601F031FBA8B1206850E8000F2168B7
:105BB00020F0800041E80002002AF5D12020C4F83E
:105BC00088002AE04FF00110A0660020C4E91D0003
:105BD00001202FE020680068400720D520464FF4C0
:105BE00080012A4601F010FBC8B100BF206850E8D0
:105BF000000F216820F4907041E80002002AF5D1DE
:105C0000206850E8020F216820F0010041E80202FC
:105C1000002AF5D12020C4F88C00032007E02020C2
:105C2000C4F88800C4F88C000020E06620670021DA
:105C300084F8841017B0F0BD4EF60C50E567AC62E6
:105C4000CEF200000068C0F3022080F007010429B2
:105C500028BF0421033828BF06464FF0FF30884094
:105C6000032121EA0000B0404EF225410001CEF2AE
:105C7000000188704EF20410CEF200000760DAE4F2
:105C80000100000004000000020000000800000005
:105C900000BE00BFFEE743F6780CC2F2000CDCF851
:105CA00000108B690A68D80502F0800209D542B15C
:105CB000DCF8440040F00100CCF844004FF4807060
:105CC000C861580509D542B1DCF8440040F008002D
:105CD000CCF844004FF48060C861980509D542B102
:105CE000DCF8440040F00200CCF844004FF40070AF
:105CF000C861DCF8441011F00B0F08BF704743F681
:105D00007800C2F2000000F036B843F67800C2F224
:105D100000000268436B9169126823B143F6780072
:105D2000C2F2000018477047806A816B09B10022F7
:105D30008A63C16B09B100228A6390F8411060291F
:105D400007D1202180F841100021016380F8401024
:105D5000704743F67802C2F20002002190420163CC
:105D600080F8401018BF704742F21C10C2F20000C9
:105D700002218161704710B5002304460022CFF64E
:105D8000FF7390F8410084F84220E3626285626C00
:105D900011436164A0F1280194F8410002291AD846
:105DA00000F02800F222282894F8410008BF42227F
:105DB000216800F02800B423282808BF04230868BD
:105DC0001A4390430860282084F8410046F2A1203D
:105DD000C0F6000028E094F841002168086820F02F
:105DE000FE0008608869800744BF002088628869D7
:105DF000C00703D1886940F00100886194F8410030
:105E0000602810D0202084F84100886980060AD5D7
:105E10008869C00605D51020C861606C40F0040098
:105E200060642020C86100206063226BA06BD8B141
:105E3000212A01D0112A17D10A68520403D50A6811
:105E400022F480420A6090F8251001291DD045F601
:105E50002951C0F600018163002184F84010FDF74C
:105E600058F840B3A06B34E0E06B70B1222A01D047
:105E7000122A0AD10A68120403D50A6822F40042E1
:105E80000A6090F82510012916D194F84100602885
:105E900007D1202084F841000020206384F84000CE
:105EA00010BD43F67801C2F2000100208C4220634D
:105EB00084F8400011D010BD45F62951C0F600010C
:105EC0008163002184F84010FDF723F80028F2D008
:105ED000E06B816BBDE81040084742F21C10C2F233
:105EE00000000221816110BD0022CFF6FF72C26264
:105EF000002220234907026380F8413080F84220C5
:105F0000426311D50168436A496A1970436A018D79
:105F10000133436241B101390185418D0139418528
:105F2000416C41F00401416490F8411090F8411037
:105F300001680B6823F0FE030B601023CB6180F82F
:105F4000402070474FF0000C80F842C090F841208C
:105F50002023212A80F8413012D111220263C0F897
:105F600034C090F84120016802F02802282A0A680B
:105F70006FF0F20308BF6FF042031A400A6011E0AD
:105F800012210163C0F834C090F84110036801F099
:105F90002801282919686FF0F40208BF6FF0440245
:105FA0001140196043F67801C2F20001884280F87E
:105FB00040C018BF704742F21C10C2F2000001211D
:105FC0008161704701684FF0000C0A6880F842C098
:105FD000530404D4120407D56FF4004201E06FF4B7
:105FE00080420B681A400A6090F84120292A0FD19C
:105FF000282280F841202122026390F8412002F0FB
:1060000028036FF0F202282B08BF6FF0420213E062
:1060100090F841202A2A18BF7047282280F8412092
:106020002222026390F8412002F028036FF0F4026C
:10603000282B08BF6FF044020B681A400A60002149
:1060400080F84010704770B582B0044690F8400068
:10605000012801D10220C0E00D4602EA05001646E3
:106060000121C20684F8401011D4410723D46906E7
:1060700000F1B58010F0020100F0B180608D48B3EE
:10608000606A216810F8012B8A62218D1CE020686B
:106090001021C161616C41F004016164816989076B
:1060A00044BF002181628169C90713D1816941F030
:1060B000010181610EE02068616A406A25F00405F3
:1060C0000870606A218D01306062481E2085608DF5
:1060D0000138608506EA050080067BD5206820210E
:1060E000C16194F8412094F84110212A09D101F0AE
:1060F00028026FF0F201282A08BF6FF04201112236
:106100000DE022290FD194F8411001F028026FF020
:10611000F401282A4FF0120208BF6FF0440103680F
:1061200019400160226341684EF60002CFF600621A
:1061300011404160002161630021CFF6FF71EA0642
:10614000E16205D51021C161616C41F00401616417
:1061500094F841106A0705D5602903D1416AC9B294
:10616000019101998169890744BF00218162816998
:10617000C90703D1816941F001018161606C94F824
:106180004110602922D008BB94F84100212803D097
:1061900094F8410022281DD1202084F841000020DD
:1061A000206394F8421084F84200402984F84000AB
:1061B00010D043F67800C2F2000084420AD142F2C5
:1061C0001C10C2F200000121816103E0616C2046D5
:1061D000FFF7D1FD002084F8400002B070BD290611
:1061E0000ED516F040010BD0608D08B1208D88B11E
:1061F00020684068800108D42046FFF7A3FE69E7C5
:1062000040067FF567AF608DD0B120464021FFF793
:10621000B2FD5FE720684168628D6FF39F21B2F5A0
:10622000807F1AD3FF222285426849F60043CFF6C9
:1062300000431A40114441F0807141F47F012DE088
:106240002068416889013FF545AFE16A11F5803F5B
:10625000D2D1416841F4804120E0628D2285E36A19
:1062600013F5803F0CD1D2B241EA0241426849F6AF
:106270000043CFF600431A40114401F100710DE0D4
:10628000E36AD2B241EA024123F00042114342687C
:1062900049F60043CFF600431A401143416019E725
:1062A000B0B50446C06A94F84030012B04BF022008
:1062B000B0BD0D46114001238A0684F840301BD43E
:1062C000CA062CD44A0700F1AE800A0700F10B8100
:1062D000890740F15181618D002900F05181606A88
:1062E000216810F8012B8A626062608D0138608538
:1062F000208D013820853FE122682021D2F800E07E
:10630000D4F82CC094F84100D16100F0F703212BA0
:106310001AD0222B1BD122236FF0FC001EE0618DCE
:10632000002900F09D8021681022CA61616C6FF025
:106330008072104241F00400606440F01D81616C85
:106340002046FFF718FD17E16FF0FA0006E0282855
:106350000AD194F8410000236FF0FE0094F8411038
:10636000116808401060236350684EF6000140F445
:10637000004050605068CFF600610840506090695E
:10638000800744BF002090629069C00703D19069E4
:1063900040F0010090615FEA4E4008D45FEA0E4091
:1063A0000ED5106820F400401060E06B04E0106827
:1063B00020F480401060A06B10B1006840686085D8
:1063C00068070ED5506A616A25F004050870606A96
:1063D000411C208D616220B101382085608D01381B
:1063E0006085608D18B1606C40F004006064E80660
:1063F00040F196801EF0100000F09280608D002821
:106400004ED020681021C161606C6FF080711CEA71
:10641000010F40F00400606440F08280616C20460F
:10642000FFF7A9FC7CE0618D61B12168626A496A6D
:106430001170616A228D01316162511E2185618D69
:1064400001396185618D002940F096800021CFF6E9
:10645000FF71884200F090802046FFF7B3FD8BE08B
:1064600094F84110282908BFB0F1007F66D094F855
:10647000412021681023292ACB617DD10022CFF64B
:10648000FF72904278D08869800744BF00208862FC
:106490008869C007E0D1886940F001008861DBE7C6
:1064A00094F84100282808BFBCF1007F34D094F84C
:1064B0004100216810222928CA6131D10020CFF67D
:1064C000FF7084452CD08869800744BF0020886213
:1064D0008869C00703D1886940F0010088612046BF
:1064E000FFF770FD1CE094F8410000F028012068DF
:1064F00028293CD1816981698268C368E368022BDD
:1065000005D1D20982EA114111F0060F3DD0016890
:1065100021F0B80101602CE020462946FFF7E4FC99
:10652000002084F842006063606C60B1616C2046BA
:10653000FFF721FC94F8410028281DD12046294668
:10654000FFF7D2FC18E0E06A10F5803F02D194F822
:10655000410006E000252046CFF6FF75FFF732FD2B
:10656000E562202084F841000020206302E0082139
:10657000C161002084F84000002084F84000B0BDD4
:106580006FF080710842F7D166E7A16C0131A16418
:10659000A16C0229F0D100210822A164C26184F813
:1065A0004010E9E72DE9F04F076897FAA7F1B1FA33
:1065B00081F137FA01F208BFBDE8F08F40F20049DF
:1065C000C4F600094FF001084FF0030B08FA01F27E
:1065D00017EA020C59D04668721E022A1ED29CFA93
:1065E000ACF3B3FA83F35C00D9F808A00BFA04F219
:1065F000D0E902BE2AEA020A0BFA04F545EA0A05C6
:10660000C9F80850D9F804504FF0030BBD430EFBF6
:1066100007F7D2432F43C9F8047007E09CFAACF2A5
:10662000B2FA82F35C000BFA04F2D2430769D9F89C
:106630000C50A74015402F43022EC9F80C701BD1F7
:106640004FEA1C2696FAA6F6D0F814E0BCF5807F37
:1066500028BFB6FA86F34FF0240638BF202659F833
:1066600006509B000F279F4025EA07070EFA03F309
:106670003B4349F806304668D9F800301A4006FA1C
:1066800004F31A43C9F800200768013137FA01F210
:106690009CD1BDE8F08F0000FEE7000041F21C0035
:1066A000C4F202000168C90544BF4FF48071416023
:1066B000FEE7000016A2515C05290ED242F2E81254
:1066C000C2F2000202EBC0035B68CB40DB0708BFED
:1066D000704702EBC00212681047062916D142F239
:1066E000E811C2F2000101EBC001496801F01E018E
:1066F0001E290BD142F2F412C0EB0011C2F20002CB
:1067000002EB810101F11C020621E4E7704700BFA2
:10671000000102030406000082B080B582B0CDE91A
:10672000042304AB45F228600193C2F20000006824
:1067300004A2442105F080FC02B0BDE8804002B014
:10674000704700BF4144564943453A205570646143
:106750007465204253505F55534250445F50575226
:106760005F56425553496E697400000000000000F6
:10677000EFF30980BFF36F8F154B1A681EF0100FEF
:1067800008BF20ED108A20E9F04F10602DE90900C4
:106790004FF0300080F31188BFF34F8FBFF36F8F3E
:1067A00009F086FB4FF0000080F31188BDE8090076
:1067B00019680868B0E8F04F1EF0100F08BFB0EC81
:1067C000108A80F30988BFF36F8F704700BF00BF46
:1067D0008C420020806A01684A6822F003024A6005
:1067E000016E41F01001016643F62041C2F2000142
:1067F00088424FF0010180F85D1018BF704742F2E7
:10680000D400C2F200008069012107F0E7BA7047A6
:10681000F0B583B0016845F22866C2F20006846ACA
:1068200037680868800678D420683A46416821F0C5
:1068300020014160416821F00201416020464FF48F
:10684000C05100F07DF800284ED140F27C02306843
:10685000C2F2000231681368381A00F16402C3F30F
:10686000CB3050430290206883681B060FD500BFD1
:1068700033685B1A934212D2029B029D002BA5F152
:1068800001050295856808BF1A462B06F0D42046FC
:106890004FF4C0613A4600F053F828BB2CE0416841
:1068A00021F0E00141606168B1F5827F0AD1A16801
:1068B000B1F5004F02D0B1F5806F03D1016821F02E
:1068C00040010160A16AB1F5005F07D1016821F4C0
:1068D00000510160016841F400510160012084F819
:1068E0005D00002084F85C00206E40F020002066EF
:1068F000206E40F020002066A06838B9002001908A
:106900002068C16801918068019001980020E087AB
:10691000012084F85D00206E002843F62040C2F27A
:10692000000084421CBF03B0F0BD42F2D400C2F2AA
:1069300000008069012103B0BDE8F04007F04EBAC5
:1069400070B582B04FF0000C45F2286E40F27C0525
:106950008DF803C0C2F2000EC2F20005DEF800306E
:10696000DEF800402D682326D21A754302F1640335
:106970002D0D02685D43019595680D4242D000BF20
:10698000B1F5C06F04D1167B8DF803609DF80360EC
:10699000DEF80060361B9E420DD2019E019D002E46
:1069A000A5F101050195956808BF33460D42E7D171
:1069B0004FF0000C26E0516821F0E0015160416881
:1069C000B1F5827F0AD18168B1F5004F02D0B1F5EF
:1069D000806F03D1116821F040011160816AB1F527
:1069E000005F07D1116821F400511160116841F472
:1069F00000511160012180F85D10002180F85C10C9
:106A00004FF0030C604602B070BD000000000000B3
:106A1000074B19680868B0E8F04F80F30988BFF3A6
:106A20006F8F4FF0000080F31188704700BF00BFE8
:106A30008C42002080B54EF21000CEF200000068BB
:106A40000AF01DF8012808BF80BDBDE8804009F0AC
:106A500028BB000010B547F20000C4F20000016836
:106A6000D0F8802001F4C06122F48072B1F5806F0B
:106A7000C0F880201DD10168012262F34A21016023
:106A800040F27C01C2F200010968322359434DF6FD
:106A90008363C4F21B33A1FB031302EB9341002277
:106AA0004469013942F10003640501D5002BF7D197
:106AB000406941F20004C4F20204A068E16800F0F9
:106AC0000C022068082A19D0032382F00C0223EA62
:106AD00001011144B1FA81F149090FD140F480302C
:106AE000206045F22860C2F200000168226892032B
:106AF00004D40268521A642AF8D9E5E0A068E26872
:106B000000F00C01206804291AD002F0030281F081
:106B10000C0182F002021144B1FA81F149090FD14E
:106B200040F48070206045F22860C2F200000168E5
:106B30002268520518D40268521A022AF8D9C3E012
:106B40006068402161F31E60606045F22C60C2F213
:106B5000000001781020002918BF0F20FCF784FCEA
:106B6000002840F0B18004E06068402161F31E60BD
:106B70006060D4F8980040F00100C4F8980045F235
:106B80002860C2F200000168D4F89820920704D46B
:106B90000268521A022AF7D996E0A16801F00C01A6
:106BA0000C2965D1E16847F6F372CFF660621140B7
:106BB00045F25352C1F22002914240F0858042F2E8
:106BC000000CC4F2020CDCF8002012F00C0F0DD106
:106BD000DCF80020042363F30302CCF80020DCF887
:106BE000002002F00F02042A40F0BE8022689201C9
:106BF00040F1BA80E268E368E16802F00302C1F3A1
:106C0000062E42F20041C3F30313C0F2F401013334
:106C1000032A04BF43F20061C0F26E11E268B1FBC7
:106C2000F3F1C2F3416202230EFB01F103EB4202D6
:106C3000B1FBF2F14BF20142C0F2C442914205D3E2
:106C4000A168A168082262F30711A160A16841F25E
:106C5000883341F00301A160026800BFA16801F020
:106C60000C010C2935D00168891A9942F6D97BE0CC
:106C7000216821F080712160016800BF22689201C3
:106C800004D50268521A022AF8D91DE0E16848F2D8
:106C90000C02C0F29F12114045F25352C1F2200281
:106CA0001143E160216841F080712160E16841F0A9
:106CB0008071E160016800BF226892013FF57FAFFB
:106CC0000268521A022AF7D9EFF3108072B600BE9A
:106CD000FEE7A168072241F4E061A160A16862F3C8
:106CE0000D21A160A16821F0F001A160DCF8001085
:106CF00001F00F01052914D3DCF80010042262F31F
:106D00000301CCF80010026841F28833DCF800106F
:106D100001F00F01042904D00168891A9942F5D9BC
:106D200022E0A06820F4E060A060A06820F4605039
:106D3000A060FCF7C3FEA16810A2C1F30311515C6F
:106D400001F01F01C84040F27C01C2F2000108605E
:106D500045F22C60C2F2000001781020002918BF13
:106D60000F20FCF781FB20B1EFF3108072B600BE5C
:106D7000FEE7206840F40020206010BD0000000005
:106D80000000000001020304060708094EF68850BF
:106D9000CEF20000016841F470010160704743F6D3
:106DA0008440C2F20000FDF7B6BA43F6B450C2F216
:106DB0000000FDF7B0BA80B543F60060C2F20000F3
:106DC000FDF7A9FA43F27060C2F20000FCF717F871
:106DD00043F28460C2F20000BDE88040FCF70FB8C7
:106DE00043F64C60C2F20000FDF795BA80B540F260
:106DF000FF7C0268C4F2000C604510DD40F6000321
:106E0000C4F20003984213D043F20043C4F20103DA
:106E100098420DD042F60043C4F2010306E0B0F1FF
:106E2000804F05D040F20043C4F20003984203D1E2
:106E30004B6822F070021A4343F2FF33C4F201039D
:106E4000984209DC604516DCB0F1804F28D040F252
:106E50000043C4F2000321E044F2FF33C4F2010313
:106E6000984211DC43F20043C4F20103984217D068
:106E700044F2000310E040F60003C4F2000398421D
:106E80000ED042F6004307E044F60003C4F20103CB
:106E9000984205D044F20043C4F20103984203D162
:106EA000CB6822F440721A434B6922F0800E8A6844
:106EB00043EA0E03D1F800C00360C262A0F1804231
:106EC000A2F596324FEAB222072AC0F828C007D8A6
:106ED000012303FA02F212F0E50F1CBF09690163F6
:106EE000012141610169C90708BF80BD016921F025
:106EF0000101016180BD816A4A6A82420ED08A6ABC
:106F0000824211D0CA6A824214D00A6B824216D1E0
:106F1000C069A0B9012081F8410010E0C06970B9D2
:106F2000012081F83E000AE0C06940B9012081F8E3
:106F30003F0004E0C06910B9012081F84000002042
:106F400008777047806A002101777047816A4A6A32
:106F500082420FD08A6A824210D0CA6A824211D01D
:106F60000A6B82424FF0010014BF81F83D0081F8A6
:106F700041000AE0012081F83E0006E0012081F88E
:106F80003F0002E0012081F84000002008777047B0
:106F900080B507F029FE28B1D0E900210846BDE8F8
:106FA0008040104780BD80B5416EE1B1016847F671
:106FB000443C8A688968C0F6010C490F47F64C3E8C
:106FC0001CF80130C0F6010E1EF80110C2F3426237
:106FD000DB00B3FBF1F11CF802301EF80220DB00ED
:106FE000B3FBF2F201E001210122A0F86A10A0F83F
:106FF000682080BD806A43F67872C2F200020021E8
:107000009042A0F85E1018BF704740F28400C2F2B0
:107010000000D0F88800012106F0E0BE016851E8C8
:10702000001F026821F4907142E80013002BF5D193
:107030004FF6FE7CCEF6FF7C026852E8022F036812
:1070400002EA0C0243E802210029F5D1C16E0129B0
:107050000AD100BF016851E8001F026821F0100149
:1070600042E80013002BF5D12021C0F88C1000213C
:10707000C166416770470000D0F88810212918BF09
:107080007047B0F8561069B1016D036831F8022BF2
:107090006FF35F229A620165B0F856100139A0F8CB
:1070A000561013E0016851E8001F026821F08001CA
:1070B00042E80013002BF5D1016851E8001F026877
:1070C00041F0400142E80013002BF5D17047000069
:1070D000D0F88810212933D1B0F86A10002908BFF0
:1070E000704700BFB0F85620B2B10268D3691B06E2
:1070F0000DD5D0F850C03CF8023B6FF35F2393628C
:10710000C0F850C0B0F85620013AA0F85620013916
:107110000A04E7D114E000BF016851E8021F0268C9
:1071200021F4000142E80213002BF5D1016851E877
:10713000001F026841F0400142E80013002BF5D126
:1071400070470000D0F88810212918BF7047B0F8A8
:10715000561059B1016D026811F8013B9362016547
:10716000B0F856100139A0F8561013E0016851E844
:10717000001F026821F0800142E80013002BF5D1C6
:10718000016851E8001F026841F0400142E8001325
:10719000002BF5D170470000D0F88810212931D19B
:1071A000B0F86A10002908BF704700BFB0F8562039
:1071B000A2B10268D3691B060BD5D0F850C01CF8E9
:1071C000013B9362C0F850C0B0F85620013AA0F8D5
:1071D000562001390A04E9D114E000BF016851E8E2
:1071E000021F026821F4000142E80213002BF5D1CE
:1071F000016851E8001F026841F0400142E80013B5
:10720000002BF5D17047000070B5054600680024DA
:10721000C3690B408B422AD045F22863C2F20003B7
:107220001E68B61AB4EB566F0ED10668760705D500
:10723000C66936070AD4C66936050BD4C6690E403E
:107240008E42EDD1002412E0032410E00124082135
:10725000082603E0032420264FF40061016228463B
:10726000FFF7DCFE0020C5F8906085F8840020461A
:1072700070BD000070B542F2F414C2F2000425683B
:1072800068692969014208BF70BD810721D441079F
:107290002FD401073DD4C1064DD4810650D44106F8
:1072A00056D4810558D4410565D401056BD4C10479
:1072B00073D410F4404F00F09880A86940F48040E7
:1072C000A861A86940F40040A861E06ABDE8704088
:1072D0000047A86940F00200A8616068016821F0D9
:1072E000010101600168C907FCD162690020012128
:1072F0001EE0A86940F00400A8616068016821F000
:10730000010101600168C907FCD162690020002108
:107310000EE0A86940F00800A8616068016821F0EB
:10732000010101600168C907FCD1626900200221E6
:10733000BDE870401047A86940F01000A86170BD1A
:10734000A869052140F02000A861626A0020EFE7EB
:10735000A86940F04000F1E7A86A052803D1E26976
:10736000002006219047A86940F40070A861012020
:1073700084F8380070BDE269002005219047A869B3
:1073800040F48060DAE742F2F010C2F2000001211E
:107390000170A86940F40060D0E7002184F838103B
:1073A000A96941F48051A961A1680A6822F001022B
:1073B0000A600A68D207FCD1226B42F2F016CA605A
:1073C0004FF484724A600A68800442F00102C2F2FB
:1073D00000060A6007D4307828B9226AA86A00F04B
:1073E0000701002090470020307070BD43F6E46034
:1073F000C2F20000FDF742BF43F67870C2F200000F
:10740000FDF73CBF70B501F007034AB203EB8301FF
:10741000B2F1FF3F00EBC10205DD02F5A8710025C6
:1074200082F8515103E0012502F110015574402208
:107430000A6190F890220025012A0B70CD7008BFD8
:1074400070BD0125026880F8905232F8235040F652
:107450000F1448F2800C2540CFF6FF7C45EA0C055E
:1074600005F5007522F8235032F8235040F60F74CA
:1074700025401D4345EA0C0522F823500D7B48F2B8
:10748000800C002D02EB830E49D0BEF8004040F680
:107490000F652C4044EA0C04AEF80040B2F85040AE
:1074A0000E8902EBC3052C4426F00106A4F8006403
:1074B000B2F850404E892C4426F00105A4F804543B
:1074C0004978BEF80040002904F480414AD049B10F
:1074D000BEF8001040F60F7211400CF580421143C7
:1074E000AEF80010BEF80010490609D5BEF800102D
:1074F00040F60F7211400CF140021143AEF800103B
:10750000BEF8001040F63F7211400CF120025140CD
:10751000AEF80010BEF8001043F60F726AE04E7825
:10752000B2F85040C988DD00002E21F0010165D07D
:107530002A442244A2F80014BEF80010490609D5D6
:10754000BEF8001040F60F7211400CF140021143DA
:10755000AEF80010BEF8001040F63F7211400CF17A
:1075600020027BE049B1BEF8001040F60F742140C4
:107570000CF580442143AEF80010BEF80010490617
:107580004FEAC30109D5BEF8003040F60F7423401E
:107590000CF140042343AEF80030B2F850301144EF
:1075A0000B44B3F802446FF39F24A3F80244B3F8EA
:1075B000024444F40444A3F80244B2F850201144B5
:1075C000B1F806246FF39F22A1F80624B1F806242F
:1075D00042F40442A1F80624BEF8001043F60F72EC
:1075E00011400CF540525140AEF80010BEF80010AA
:1075F00040F63F72114041EA0C0130E015442C4442
:10760000A4F80414B2F850102944B1F806446FF3FA
:107610009F24A1F80644B1F8064444F40444A1F8B8
:107620000644BEF80010490409D5BEF8001040F623
:107630000F7421400CF580442143AEF800103BB19B
:10764000BEF8001043F60F7211400CF5005205E031
:10765000118843F60F7211400CF540525140AEF8BC
:107660000010002180F8901270BD10B5037901F070
:1076700007029A4201D908213CE04BB2B3F1FF3F27
:1076800009DD01EB810100EBC10C0CF5A8710023B1
:107690008CF8513108E002EB820100EBC10C0123B0
:1076A0000CF110018CF8113090F890324FF0010C71
:1076B000012B81F802C00A7001D110211AE0046880
:1076C00091F801E034F822C040F63F71BEF1000F9E
:1076D00008BF43F60F7148F29003CFF6FF7301EA3B
:1076E0000C0108BF03F57F63594024F822100021E4
:1076F00080F8901240F20030C0F20130C840C0B2B1
:1077000010BD000042F2F412C0EB0011C2F2000200
:1077100052F8210002EB8101C36843F40013C360F7
:10772000C36843F48013C360C36823F44063C36039
:10773000C36843F40072C260496B51B10129C1684A
:107740004FF4006221F4406108BF4FF4806211449D
:1077500002E0C16841F44061C16045F22861C2F2B3
:1077600000010A680B689B1A022BFBD3C16821F445
:107770000011C160C16821F48011C160704742F2FC
:10778000F412C0EB0011C2F2000252F8210002EB29
:107790008101C36823F40073C360C36823F4C0731A
:1077A000C360C36823F02002C260C968097A8907F0
:1077B00058BF7047C16821F48031C1607047000034
:1077C00082B042F2C416C2F2000601AC35680CF079
:1077D0001DFE034628462146002206F039FAF5E749
:1077E000F0B581B00C46013903293BD80546DFE8E6
:1077F00001F0023B023E284600210CF0F3FE42F26B
:10780000D416C2F2000656F82500A8B1002700BF22
:1078100056F8250004F02AFD022806D0012006F0C3
:10782000D9F91E2F07F10107F2D356F8250006F00B
:10783000BDFB002046F8250042F2D810C2F200003D
:1078400010F8251000EB8502537801F02F0100F8A5
:10785000251003F0F8012046517001B0BDE8F0405A
:1078600000F08EB901B0F0BD2846022101E02846A3
:10787000042101B0BDE8F040FAF74EBD80B582B0FA
:1078800042F2C410C2F200004FF6FF71006801918D
:1078900001A90022002306F05FFA02B080BD0CF0BF
:1078A0007EBD0A20704770470A4601A104F06ABBFA
:1078B000556E68616E646C656420676574206461F0
:1078C000746120696E666F3A20256400FAF760BD26
:1078D00008B1012022E042F2F800C2F20000408A22
:1078E0009FED101A00EE100AB8EE400A9FED0E2A26
:1078F00020EE010A20EE020ABCEEC00A002910EEBA
:10790000101A05D00020B1F52F6F98BF012005E0B7
:1079100040F2ED220020914288BF012080F001005A
:10792000704700BF8400043A00007A4469290BD0F4
:107930000A4668290ED0202A13D144F20810C2F258
:10794000000001214171704744F20810C2F20000AA
:10795000002104E044F20810C2F20000012181710C
:10796000704701A104F00EBB556E68616E646C65D2
:1079700064204E6F74696669636174696F6E3A2042
:10798000256400002DE9F04184B00D4624A1904605
:1079900004F0F8FA44F20814C2F2000404F11401ED
:1079A000002091EC030A0390029003A802A903F0BF
:1079B0009BFC58B360690EF0F1F9064602980F4639
:1079C0000EF0ECF941EC100B47F68E41C0F60101C8
:1079D00032463B468DED000B04F0D4FA039EA068BE
:1079E00050F82610304603F0CFFAA76894ED050A48
:1079F00057F82600314603F0EBFB286057F82600C5
:107A0000800FC8F8000004B0BDE8F08147F6C2312D
:107A1000C0F6010104B0BDE8F04104F0D1BA00BFE6
:107A20004576616C206361706162696C6974696537
:107A3000732E2E2E000000002DE9F04F81B0042996
:107A400073D19D08144646A12A4604F09BFA44F2DD
:107A50000819C2F20009D9F808B0002DC9F80CB015
:107A600060D00120012D98BF054600BFD9F8100055
:107A7000834505D020684BF8040BC9F80CB03CE0F6
:107A8000D9F808800120ABEB080700EBA70ABAF190
:107A9000804F52D24FF6FC70BAEB670FC7F6FF70FB
:107AA00038BF4FEA670A874228BF6FF0404ABAF1F1
:107AB000000F08D0BAF1804F41D24FEA8A0004F09B
:107AC000C1FB064600E00026B81006EB800B2068DC
:107AD00041464BF8040B30463A4606EB8A0AF9F762
:107AE000D8FFB8F1000FC9E9026BC9F810A004D0A3
:107AF000404604F0A4FBD9F80CB0013D04F10404A5
:107B0000B4D1D9F8080083450CD0002450F82410D3
:107B1000204603F039FAD9E902010134091AB4EB1D
:107B2000A10FF3D301B0BDE8F08F084605A10246CE
:107B300001B0BDE8F04F04F025BAF8F70FFE04F0ED
:107B40007CFB00BF556E68616E646C656420736574
:107B500074206461746120696E666F3A2025640048
:107B600052656365697665642025752070646F28A9
:107B700073292066726F6D20736F757263653A00AA
:107B800080B502280AD0012812D110A104F0FAF918
:107B900044F20810C2F20000002107E007A104F03F
:107BA000F1F944F20810C2F200000121017180BD18
:107BB0000AA10246BDE8804004F0E4B94361626C6A
:107BC000652061747461636865642E004361626C52
:107BD000652064657461636865642E00556E686134
:107BE0006E646C6564204361626C652044657465F5
:107BF0006374696F6E3A2025642E0000B0B50529C4
:107C00000DD142F2F411C0EB0010C2F2000151F8A4
:107C10002000C16841F00801C1600020B0BDEFF351
:107C20001085EFF3108472B642F2F41CC0EB00141E
:107C3000C2F2000C0CEB840E9EF83840012C1DD0D3
:107C4000C0EB00100CEB800C5CF8040F0068C00760
:107C500014D185F3108807294FF0020088BFB0BD0A
:107C6000DFE801F00510150404042024D6E7DEF84F
:107C700000004EF21831C0F208010EE085F31088C2
:107C80000220B0BDDEF8000041F6183103E0DEF856
:107C9000000046F2D801C0F20301C161C16821F0C1
:107CA000030109E0DEF80000012502E0DEF8000033
:107CB0000225C16865F30101C160DCF800100D68A0
:107CC00025F001050D6000BF0D68ED07FCD1CA600D
:107CD0004B600A6842F001020A600362C16841F029
:107CE000040199E780B582B042F2E412C2F20002C8
:107CF0004FF6FF7152F82000019101A900220023E4
:107D000006F02AF802B080BD82B042F2E416C2F258
:107D1000000601AC356800200CF0B8FC034628468C
:107D20002146002205F094FFF4E7000082B042F201
:107D3000E416C2F2000601AC756801200CF0A6FC46
:107D4000034628462146002205F082FFF4E742F26E
:107D5000F411C0EB0010C2F2000151F82000C1681C
:107D600021F02001C160704742F2F411C0EB001015
:107D7000C2F2000151F82000C16841F02001C16049
:107D80007047072913D142F2F411C0EB0010C2F280
:107D9000000151F82000C168026821F0070122F0BB
:107DA00000420260026842F000420260C1600020AE
:107DB000704770B50346C0EB001E42F2F410C2F2E9
:107DC000000000EB8E00D1E903E44E69C0F818E032
:107DD0004D684461C56146F2B5658C68026342F244
:107DE000E812DDF810C0C0F60005C2F20002C0E9DA
:107DF0000854866202EBC3000968C0F804C0002082
:107E000042F8331070BD42F2F411C0EB0010C2F220
:107E1000000101EB8000416B02290AD001290FD13A
:107E20000068406900F44030B0F5403F08D10120BF
:107E300070470068406900F44020B0F5402FF6D04C
:107E40000020704700220023FFF7D8BE42F2E8125C
:107E5000C2F2000202EBC00041607047FFF7CEBEE5
:107E600042F2F411C0EB0010C2F2000151F82010F0
:107E70000222C86862F30100C860C86840F00402CA
:107E80000020CA60704742F2F411C0EB0010C2F249
:107E9000000151F820000222C16862F3C811C160DC
:107EA0007047032884BF0120704740F61001C4F2D8
:107EB00000010968013021FA00F000F0010070476C
:107EC000032888BF704740F62402C4F20002DFE8AE
:107ED00000F0023513241068084441F25971CDF2C4
:107EE000B711A0FB0113590B42F2107301FB1300F1
:107EF00010616FF0020031E01068084441F25971DE
:107F0000CDF2B711A0FB0113590B42F2107301FB24
:107F1000130090616FF0080020E01068084441F2FF
:107F20005971CDF2B711A0FB0113590B42F2107336
:107F300001FB1300D0616FF010000FE010680844DF
:107F400041F25971CDF2B711A0FB0113590B42F266
:107F5000107301FB130050616FF0040042F8140C21
:107F6000704700002DE9F0474A78012A6DD18B69EE
:107F70000A690F7B934228BF1346002F00F08A80C6
:107F8000CF780C6A022F40F0C8800D7840F60F665B
:107F900030F825704FEA450C944206EA070640F295
:107FA000E08048F28007CFF6FF773E4346F48076C4
:107FB000A4EB030A20F81C60C1F820A030F81C7064
:107FC000B0F85060ED0048F2800E7F0600EB050827
:107FD00000F10C8108EB0604A4F80234D1F81490E7
:107FE0009DB26DB10C894E46044404F580676C1C4B
:107FF000650800BF36F8024B013D27F8024BF9D166
:1080000009EB030600244E61924588BFAAEB0304E6
:108010000C62B0F8502088BF9A464244A2F806A4E9
:108020001FFA8AF2002A0EF1300300F0D580498948
:108030000132014401F58061520800BF36F8027B2D
:10804000013A21F8027BF9D1C6E00A7B002A48F206
:10805000800242D0CB78012B55D0022B18BFBDE84F
:10806000F087CB69002B50D00B7844F2400630F8F3
:1080700023703740B74201D0002F46D15B0030F863
:10808000137040F60F76374002F14006374320F870
:1080900013703AE01A040FD0CF884A69074407F5F5
:1080A0008066012717FA83F77F0800BF32F8025B6A
:1080B000013F26F8025BF9D1B0F85020097802445C
:1080C00002EBC102A2F802344FEA410C48F28001EF
:1080D000CFF6FF7101F130037EE08B691BB9CF78D9
:1080E000002F00F0BC8048F280070E7840F60F6445
:1080F00030F8265025402F4320F826700F69BB42E8
:1081000001D9DB1B00E000238B61097802F54053A5
:108110004FEA410C43F60F7160E0E21A0F780A62F1
:1081200030F827604FEA470CB0F85020FF00760681
:1081300007449EB23A4438D4002EA2F80234C5D087
:108140000B8949690344771C48F2800203F5806378
:108150007F0800BF31F8026B013F23F8026BF9D1B1
:1081600038E048F28002CFF6FF7246EA020320F8B8
:108170001C30B0F8503000EBC5073B442704A3F88F
:10818000024427D00B8901274969034417FA84F771
:1081900048F2800203F580637F0800BF31F8026B6C
:1081A000013F23F8026BF9D114E0002EA2F8063447
:1081B0003FF48CAF4B8949690344771C48F2800235
:1081C00003F580637F0800BF31F8026B013F23F89D
:1081D000026BF9D102F1300340F63F7130F81C20F8
:1081E0001140594020F81C10BDE8F08708EB060547
:1081F000A5F80634D1F814909DB26DB14E890135C1
:10820000064406F580676D084E4600BF36F8024BFF
:10821000013D27F8024BF9D109EB030600244E611A
:10822000924588BFAAEB03040C62B0F8502088BFC7
:108230009A464244A2F802A41FFA8AF2002A0EF1DA
:108240003003C9D009890132014401F58061520827
:1082500036F8027B013A21F8027BF9D1BCE702F53E
:10826000807742E72DE9F04F83B043F64419C2F21C
:108270000009D9F80000B0F844100AB2B2F1FF3F8B
:108280001DDD4A0500F176874A0400F1B5878A04AE
:1082900000F1BD87CA0400F1BF870A0501F108801B
:1082A0000A0601F118808A0501F13480C90540F100
:1082B000FC87B0F8441021F4807100F0F4BFB0F9ED
:1082C0004410B1F1FF3F00F3F0874CF28001A1F5BB
:1082D000805140F60F77009109F52671019100BF9A
:1082E000B0F8442012F00F0B54D030F92B104FEAA5
:1082F0004B04B1F1FF3F1FFA81F800F3BA8130F867
:1083000014103940803120F814100BEB8B0109EB6D
:10831000C10A9AF85C110AF5A876002900F02F81AD
:108320009AF85311022940F03B81B0F8507031782F
:10833000DAF86831074440F60F7C0AF5B4725FEA58
:10834000484507EBC10700F14881B7F806740025DE
:108350006FF39F27DB1B38BF2B4613600BD830F819
:10836000212043F60F731A4048F2A00303F5FF5390
:108370005A4020F821205FEA486200F1288130F855
:10838000212048F2A00302EA0C0220331A4320F80D
:1083900021201CE10188D20630D4394001F500418A
:1083A0000180B0F8501099F81020084400EBC2008A
:1083B000B0F80204D9F824106FF39F20C9F82C00FC
:1083C0000844C9F824000020FBF78AF999F80C004A
:1083D000002800F02984D9F82800002840F02484DF
:1083E00099F80C00D9F8001040F08000C0B2A1F854
:1083F0004C00002089F80C0000F016BC0A053BD4A4
:1084000009B2B1F1FF3F00F30F8401883940803198
:108410000180B0F8501099F85021014401EBC201DD
:10842000B1F806346FF39F23C9F86C3193B1D9F8D2
:10843000641179B1B9F8562100F0A4FFD9F86401AC
:10844000D9F86C110844C9F864010020FBF7CBF996
:10845000D9F8000001880A0500F1E68301F44051D3
:10846000B1F5405F00F0E083018843F60F721140E0
:10847000009A51400180D7E3B0F8501099F850218C
:10848000014401EBC201B1F80634B9F85621019953
:108490006FF39F23C9F86C3100F074FFD9F8000026
:1084A0000125018839408031018099F89C2299F892
:1084B0009D3299F89A8299F89B72D9F8D8B299F8B6
:1084C000981299F8994242EA0326B9F89E3248EA8E
:1084D00007208BF8AA128BF8AB42ABF8AC02ABF8D2
:1084E000AE62ABF8B032CBF8945201F01F050BF23C
:1084F000AA2A4FFA82FC022DCBF8983200F0AC8108
:10850000012D00F0BA81002D40F0D28111F0600100
:1085100040F0A681092C00F2DE85DFE814F00A00A5
:108520008E03DC05A403DC05B103EC03DC050904C0
:1085300028049BF89C020138022800F2CC85022B0B
:1085400040F60F7740F0A981DBF8A4020222002850
:108550004FF0030008BF01204BF80C0FCBF8882226
:10856000DBF8B812012081F834000020CBF80C2091
:10857000CBF81020C1E909B2C1E90B02A4E2B0F8BE
:1085800050103278014401EBC201B1F806746FF368
:108590009F27002F52D0DAF86411BAF8562149E02B
:1085A000327848F2A00330F82210203339401943C2
:1085B00020F8221030F82230B0F8501000EBC20240
:1085C0005B0411442DD4B1F806746FF39F27AFB349
:1085D000DAF86411BAF85A212CE0B7F802740025D1
:1085E0006FF39F27DB1B38BF2B4613600BD830F887
:1085F000212043F60F731A4048F2A00303F5FF53FE
:108600005A4020F821205FEA48620ED530F8212038
:1086100048F2A00302EA0C0220331A4320F821207A
:1086200003E0B1F802746FF39F273FB1DAF86411E9
:10863000BAF858213B4600F0A5FE00E00027DAF822
:108640006C11DAE9590239443844CAF86C11CAF895
:1086500064011AB1DAF86001B84203D93078FBF747
:10866000C2F804E0D9F800003146FFF77BFC40F681
:108670000F775FEA086040F1D782D9F800000BEB72
:108680008B0130F8142009EBC10502EA070101F55E
:10869000004120F81410EB7C05F11006012B22D1CB
:1086A000297F00230029AB6200F060815FEA486106
:1086B0007CD4697C012900F04881002940F0568172
:1086C000B0F850103278084400EBC200B0F806143D
:1086D0006FF39F21A0F80614B0F8061441F400418E
:1086E000A0F8061442E15FEAC8511BD4B0F850204C
:1086F0003178024402EBC102B2F80224AB6A6FF394
:108700009F229B1A4FF0000438BF2346AB6267D903
:10871000696AEB6A114469629918E9623146FFF7A8
:1087200021FC81E2B0F8501096F800C02A4652F8B9
:10873000287F5FEA486400EBCC0B53D40BF2064A67
:108740003AF8011000246FF39F217F1A38BF2746A3
:10875000176040F2B4805FEA484209D430F82C2018
:1087600040F60F731A404CF280031A4320F82C2075
:108770002A4612F8343F012B40F048822C4654F828
:10878000306F54E904E354F8047C0B440F447645FD
:1087900044F80C3C44F8047C80F05381002E00F037
:1087A0009E810021B646216011709BE1697C012900
:1087B00000F0D480002940F0D980B0F85010327811
:1087C000084400EBC200B0F802146FF39F21A0F838
:1087D0000214B0F8021441F40041A0F80214C5E0FC
:1087E0000846C4E00BF2024E3EF8011000246FF37D
:1087F0009F217F1A38BF2746176040F283805FEAC7
:10880000484209D530F82C2040F60F731A404CF23C
:1088100080031A4320F82C202C4614F8342F012A08
:1088200040F0F4812A4652F830AF52E9046352F81E
:10883000047C0B440F44B24542F80C3C42F8047CE3
:1088400080F003814FF00008BAF1000F84F8008037
:1088500040F0FE808A46FDE011F0600100F0D48017
:10886000402940F60F7701D0202916D1DBF8B80255
:108870005146826858469047D6E111F0600040F6B4
:108880000F7718BF402875D19BF89C020138022849
:1088900098BFBCF1010F40F2FC80DBF8C4028021DC
:1088A000FEF7E3FEDBF8C4020021FEF7DEFEBBE1CB
:1088B000DBF8C40201F08001FEF7D7FEB1E1697C6C
:1088C00040F60F77012959D0002961D1B0F8501036
:1088D0005944B1F802246FF39F22A1F80224B1F8A1
:1088E000022442F40042A1F80224B0F850103AF8F1
:1088F00001206FF39F222AF801203AF8012042F468
:10890000004243E0697C40F60F77012953D00029EB
:108910005BD1B0F850103EF801206FF39F222EF883
:1089200001203EF8012042F400422EF80120B0F868
:1089300050105944B1F806246FF39F22A1F8062481
:10894000B1F8062442F400423DE0B0F8501032780D
:10895000084400EBC200A0F8063407E0B0F850105D
:108960003278084400EBC200A0F802343078FAF7FD
:10897000B7FE59E120283FF487AF8EE7B0F85010DA
:1089800000225944A1F80224B0F850102AF801201E
:10899000022B09D130F82C1040F63F72114048F2FA
:1089A000A002514020F82C106046FAF799FE5FEAC9
:1089B00048401DD538E1B0F8501000222EF80120B3
:1089C000B0F850105944A1F80624022B09D130F810
:1089D0002C1040F63F72114048F2A002514020F89E
:1089E0002C106046FAF77CFE5FEA484040F11C819B
:1089F000D9F8000031784CF2800330F821203A4059
:108A00001A4320F821200FE1002C40F60F7700F0E8
:108A10009080012C00F0A680032C7FF43EAF9BF8E1
:108A20009C12032940F0A380002840D112F07F005F
:108A30003DD0E3BBDBF8C4025FFA8CF1FEF715FE14
:108A400035E0A6EB0E0121604CE0AAEB0608B24629
:108A5000C2F80080697C01293CD0002940F0A68042
:108A6000B0F85020BAF1000F3EF802400EEB0201C0
:108A70006FF39F242EF8024056D0BAF13E0F00F259
:108A800086800AF001020F8802EB5A0247EA82222E
:108A90008BE0DBF8B8025146826858469047BBF835
:108AA000B012002940F0C080002840F0BD800420B2
:108AB000CBF89402DBF8C412012081F834000020C6
:108AC00048628862C862086308684FF4807221F8BF
:108AD000102F24E6B0F850102EF801A066E0002711
:108AE00017708E46697C012919D000297ED1B0F813
:108AF0005020BEF1000F3AF802400AEB02016FF37A
:108B00009F242AF802400FD0BEF13E0F5FD80EF02E
:108B100001020C8802EB5E0244EA822265E0B0F8B2
:108B200050102AF801E061E00A8842F400420A800D
:108B30006CE09BF89C02032800F05681022808BFD5
:108B40005FEA42607FF4A9AE0BF5AA704FF4AA71F8
:108B50000022BCF1000F44BF14210BF114004BF8AC
:108B60000120E7E19BF89C12032900F070810229A3
:108B70007FF493AEDBF8C40251063FF490AE5FFA87
:108B80008CF1FEF772FDDBF8C40280218DE65FEA0E
:108B9000CA674FEA5A120F884FF0FF3608BF06EB3C
:108BA0005A1247EA822242F400420A801FFA8AF2ED
:108BB00062B3298B0132014401F58061520800BF84
:108BC00033F8027B013A21F8027BF9D11EE05FEA1B
:108BD000CE644FEA5E120C884FF0FF3608BF06EBFA
:108BE0005E1244EA822242F400420A801FFA8EF2A8
:108BF00062B1698B0132014401F58061520800BF06
:108C000033F8027B013A21F8027BF9D130F82C10BD
:108C100040F63F72114048F2A0021032514020F855
:108C20002C1040F60F7700BFD9F80000B0F94410BF
:108C3000B1F1FF3F7FF754AB37E39BF89C1201394A
:108C4000022900F24882012840F60F77ECD100207B
:108C50000421CBF8A402CBF89412DBF8C412012251
:108C600081F834202CE7012840F60F77DCD1012071
:108C70000421CBF8A402CBF89412DBF8C4121CE751
:108C8000310408BF002B40F026827F2800F22382A7
:108C90009BF89C0240F60F7703283FF4FEADDBF80B
:108CA000C402002290F890128BF89E8201290AD00B
:108CB000B8F1000F80F80C8003D101688023A1F87F
:108CC0004C3080F890220421CBF89412012180F8D6
:108CD0003410C0E90922C0E90B22014600684FF4B4
:108CE000807221F8102FFFF73DF9B8F1000F40F026
:108CF000108201200EE2781E0E284FF00004ADF81D
:108D00000A4000F2E881DFE810F00F00260133018D
:108D1000E601E60140014C01E601E601E601E6015B
:108D2000E601E601E6015A01DBF8B40202684CE113
:108D3000012B40F0D0819BF89C0240F60F77411E3A
:108D400002294FF0000280F0A1804BF8082F02208A
:108D5000CBF88C02DBF8BC120120CBF81000CBF86A
:108D6000140081F83400C1E909B0CA62ABE642F2EE
:108D70003020B8F1020FC2F2000080F8008080F0CD
:108D8000AA819BF89C0240F60F77032800F092809E
:108D9000022840F0B680B8F1000F4FF0000400F058
:108DA0004781DBF8B802CBF8048000283FF475ADAA
:108DB000026858464146904700287FF46EAD042073
:108DC000CBF89402DBF8C412012081F83400086863
:108DD0004FF48072C1E90944C1E90B4421F8102F16
:108DE000FFF7C0F8032095E102F00F0000EB8000D0
:108DF000BCF1FF3F0BEB8000D4BF808CB0F8640166
:108E000000283FF44AAD02F07F0000EB80000BEB3E
:108E1000800101F11400BCF1FF3FC8BF01F5AA7049
:108E2000510600F08480DBF8C4120CF07F0202EBE4
:108E3000820201EBC20101F5A972BCF1000F48BF2B
:108E400001F112021178002918BF012170E00028F9
:108E50007FF4EAAE50064FF0000400F07681DBF8B4
:108E6000C40202F00F0301798B4200F26E8102F01E
:108E7000070101EB8101BCF1FF3F00EBC10140F3B1
:108E8000E48001F5A87381F85141E2E003287FF402
:108E900004AD0220CBF89402DBF8C41201230BF1DD
:108EA0000400CBE9063381F83430C1E90903C1E994
:108EB0000B2309E6B8F1000F4FF0000400F0AC807E
:108EC000DBF80400404500F0B380DBF8B81200295D
:108ED00000F00B814A68C1B25846904742F23021F7
:108EE000DBF8B802C2F2000109780028CBF80410C0
:108EF00000F0FD80026858469047002840F0F78057
:108F0000D5E5DBF8C4028021FEF7AFFBDBF8C40235
:108F10000021FEF7AAFBDBF8B80200283FF484AE7C
:108F200042F23021C2F2000109784268A2E4002135
:108F3000002201600226CBF89462DBF8C412012300
:108F4000CBF81860CBF81C6081F8343048628E6230
:108F5000CA620E63B8E59BF81010DBF8B80200296E
:108F60000CBF816AC16A0DF10A008847022124E022
:108F7000B8F1050F00F2AF80DFE808F00390949895
:108F80009CA0DBF8B40242689BE09BF8100000282C
:108F900040F0A180DBF8B802416B0DF10A00884770
:108FA00018E09BF81000002840F09580DBF8B8022C
:108FB000016B0DF10A008847072141700AE0DBF8D8
:108FC000B402C269002A00F086809BF810000DF1FF
:108FD0000A01904740F60F77BBF8B01241B3BDF8D5
:108FE0000A20002A3FF459AC8A4238BF11460222B7
:108FF000ADF80A10CBF89422DBF8C422012382F8E2
:10900000343002F1240313C31068CBF81810CBF8E6
:109010001C101163114658E502208BF89C02DBF806
:10902000B802CBF8048018B1426858460021904736
:109030000420CBF89402DBF8C412012081F834003C
:109040004C628C62CC620C633EE5012201F110039C
:109050004A7490F890120CF0070201299C701A7063
:1090600073D001685E7831F8227040F60F75002EDB
:109070004FEA420251D07F0608D531F8127048F20B
:10908000A0062F402036374321F81270DB78012BE1
:1090900057D040F63F7348F2A0074CE0DBF8B4022B
:1090A00082680EE0DBF8B402C2680AE0DBF8B402C2
:1090B000026906E0DBF8B402426902E0DBF8B402C0
:1090C000826942B19BF810000DF10A01904740F609
:1090D0000F77002480E7DBF8C4028021FEF7C5FA91
:1090E000DBF8C4020021FFF7E7BBCBF80480DBF814
:1090F000C4028021FEF7B9FADBF8C4020021FEF7B2
:10910000B4FADBF8B80220B19BF804104268584664
:10911000904702208BF89C0286E57B0407D531F846
:1091200012304CF280072B403B4321F81230009F55
:1091300043F60F73002431F8126033407B4021F86E
:10914000123040F60F7780F890420420CBF894025A
:10915000DBF8C412012081F8340008684FF48072F3
:10916000C1E90944C1E90B4421F8102FFEF7FAFECA
:10917000FFF77CBBB0F8441021F48061A0F84410E4
:1091800099F8050002283CD1D9F8D84201200021E5
:10919000207484F89C02C4F89412D4F8B802616078
:1091A000C4F8A412C8B1D4F8BC1221B1426812B1FB
:1091B000204600219047D4F8C4020021FEF722F98E
:1091C000D4F8C402012540268021A4F86451C4F8D3
:1091D0006061FEF717F9A584266299F890020128CC
:1091E00063D0002089F80C00D9F800108022A1F883
:1091F0004C2089F8900258E0B0F8441021F48041E6
:1092000051E0EFF3108072B600BE00BFFEE7B0F889
:10921000441021F4005146E0B0F8401021F0040160
:10922000A0F84010B0F8401021F00801A0F840105C
:1092300099F8C802012819D199F80900002189F884
:10924000C81248B1FDF706FC4EF61050CEF20000F1
:10925000016821F006010160D9F8D80290F89C124B
:10926000042904BF90F89D1280F89C1299F8090017
:1092700048B14EF61050CEF20000016821F0060110
:109280000160FDF7E7FBD9F8D80290F89C12042999
:1092900004BF90F89D1280F89C12D9F80000B0F835
:1092A000441021F48051A0F8441003B0BDE8F08FC1
:1092B000B0F8401041F00801A0F84010B0F8441098
:1092C00021F40061A0F84410B0F8401041F004010E
:1092D000A0F8401008E0B0F8441021F08001A0F898
:1092E000441099F8C81261B3D9F8D80290F89C12CA
:1092F00080F89D12042180F89C1299F8090000283A
:10930000D3D04EF61050CEF20000016841F00601B5
:109310000160CAE7B0F8441021F40071A0F84410CD
:10932000D9F8D802D0F8B8120029BED090F89C2203
:10933000032ABAD1C9690029B7D003B0BDE8F04FFC
:109340000847B0F8401041F00401A0F84010B0F810
:10935000401041F00801A0F84010012189F8C8121E
:10936000B0F854003C2101EA9000D9F8D812C9F8AD
:10937000CC0291F89C0281F89D02042081F89C02A5
:10938000BBE700001044022B00F5806006D35A08AA
:1093900030F802CB013A21F802CBF9D1DA071CBF31
:1093A0000088087070470000FEE700002DE9F047D4
:1093B00044F2007043F66851C2F20000C2F20001AC
:1093C0004FF008094FF07E5844F20815C0E9001923
:1093D000C0F8D881C2F2000500261C202E60C5F816
:1093E000036002F02FFF00F11C041C21A8602C6117
:1093F000F7F76DFA0020C4F2A000002140F2000A45
:10940000C4F2A811C5E905004BF23940C0F6000AC4
:10941000C5E90716C0F6000029465246EC60F7F78A
:10942000A8F94BF2075542F238214CF2B11447F635
:109430009C27C0F60005C2F20001C0F60004C0F689
:10944000010728465246C1E90066C1F80760C1E934
:109450000547F7F78EF942F25421C2F2000128467F
:109460005246C1E90066C1F80760C1E90547F7F750
:1094700080F942F27021C2F2000128465246C1E949
:109480000066C1F80760C1E90547F7F772F942F2D3
:10949000FC4143F6B450C2F20001C2F20000C1E93F
:1094A00000604CF2F510C0F60000C1E904074CF270
:1094B000C900C0F600005246F7F75BF944F25C10B1
:1094C00043F6844143F69862C2F20000C2F2000102
:1094D000C2F2000240F600030EA74DF20A75C0E981
:1094E0000016C0E9022600214AF62D52C4F60003F8
:1094F0000837C3F6A345CBF68071C0F60002C0E979
:109500000439C0E90675C0E90866C0E90C18826331
:10951000BDE8F087000000000000000011AF000867
:109520002DE9F04147F62820C0F6010044F20C0175
:109530000830C2F200010024C1E90004002000222A
:10954000C4F24010C4F24002C1E90402012081F8D3
:109550003E0041F288304CF2272247F69C23C1E9B5
:1095600010044FF4C870C0F60002C0F60103C1E950
:109570001704C1E91B23C1E91E04C1E92223C82045
:10958000C1E92923C1E930234FF4407803224FF683
:10959000FE13C1E92504C1E92C04CFF6C35344F2FC
:1095A000E07C4EF6072E32A53148C1E9338201F145
:1095B000D402C6F2A12CC0F6B30ED5E90167ED685E
:1095C00082E8085001F1E00247F60553C1C22CA021
:1095D0002DA2C0F60103C1E93B50C1E93D234CF285
:1095E000F91047F6EC22C0F60000C0F60102C1E90E
:1095F00014024CF2132047F6FC22C0F60000C0F61D
:109600000102C1E922024CF21D2047F60C32C0F6DD
:109610000000C0F60102C1E91B024BF6F56040F202
:109620000002C0F60000C0F600028C638C8781F84F
:10963000584081F8744081F8904081F8AC4081F83E
:10964000C8408964C1F880104966F7F792F844F67B
:10965000541040F21411C2F20000C2F20001016085
:1096600044F65C10C2F200000460BDE8F08100BF67
:1096700041646A75737420492D53657400000000BD
:10968000562D53657400000053657474696E6773DA
:10969000000000004843B0FBF2F0704790F9002052
:1096A000B2F1FF3F01DD012213E0D2B202F0E0038C
:1096B000C02B01D102220CE002F0F003E02B01D11B
:1096C000032206E002F0F802F03AB2FA82F25209FE
:1096D000920001B10A60002142B100BF03782BB1B2
:1096E00043EA0121013A00F10100F7D10846704731
:1096F0002DE9F04F85B09DF838701E041C461DB250
:1097000022F07F433246CDE903010293BB46009726
:1097100000F0DBF9012D2DDB0026A6EB4407C4F198
:1097200001084FF0010900BF0FFA88F009F10209A2
:10973000B91CB0F1FF3FC844C8BF0F46B0F1FF3FAE
:10974000C8BF884402996FEAE03205F07F404518AF
:109750002AF0FF001444013600EB0B0ADDE9030197
:1097600046EA04422B46CDF800A000F0AEF920B244
:109770008642D9DB05B0BDE8F08F00002DE9F04F3F
:1097800085B09DF838701E041C461DB222F07F4340
:109790003246CDE903010293BB46009700F012FA6E
:1097A000012D2DDB0026A6EB4407C4F101084FF084
:1097B000010900BF0FFA88F009F10209B91CB0F1E4
:1097C000FF3FC844C8BF0F46B0F1FF3FC8BF884441
:1097D00002996FEAE03205F07F4045182AF0FF0059
:1097E0001444013600EB0B0ADDE9030146EA0442AA
:1097F0002B46CDF800A000F0E5F920B28642D9DB77
:1098000005B0BDE8F08F4FF0000CFAB1B0B588B0EC
:1098100014462025039525684FF0010E9289CDE965
:1098200004E5056802EB1142AD6AC1EA024123F08A
:109830007F4302AACDF808E0CDE906C4CDF800C008
:10984000A847B4F804C008B0BDE8B0400FFA8CF0E7
:1098500070472DE9F04F85B00D4611B2B1EB224FA4
:109860001146914604460E98A8BF090C8AB201EB36
:10987000D23109B220EAE076B0EB610FC8BF4E10DA
:1098800006EB050BB2B21FFA8BF0D4F800C00490BF
:10989000A9EB02002844DCF804C023F07F4A0392BD
:1098A0002F46CBEA0501C0EA050280460290204619
:1098B00053466FF30F07E047226809EB0700A0F556
:1098C00080305768CBEA0001C8EA000220465346C0
:1098D000B8472268C6EB294006EB154800EB154651
:1098E0005768C5EA0841C5EA064220465346B847CC
:1098F000226809EB050001385768C0EA0841C0EA50
:10990000064220465346B8472068039D8769CBEA44
:1099100008414FF0010C204652462B46CDF800C0BE
:10992000B8470298216801388F691FFA80F9C0EAA8
:1099300008414FF0020C204652462B46CDF800C09D
:10994000B8470020CFF6FF70216800EB0646049868
:109950008F6931184FF0040C204652462B46CDF843
:1099600000C0B847206806EB090187690826204631
:1099700052462B460096B84705B0BDE8F08F2DE95A
:10998000F04F87B0924612B2564604461098B2EB9A
:109990002A4FA8BF360CB2B206EBD23212B220EA7E
:1099A000E0754FEA2A47B0EB620FC8BF55100AEBCB
:1099B0000100EA436E1800EB020907EB214006960E
:1099C000CDE90417019010440390206805EB21486D
:1099D000C6EA0841C76923F07F4BAEB24FF0010CD5
:1099E00020465A463346CDF800C0B8472068C9EA39
:1099F0000841D0F81CE04FF0020C20465A4633468E
:109A0000CDF80880CDF800C0F0472068DDF80C8064
:109A1000D0F81CE006984FF0040CC0EA084120463C
:109A20005A463346CDF800C0F0472068C9EA0841DD
:109A3000C7694FF0080C20465A463346CDF800C09F
:109A4000B847AAEB45000104B1F5003F4FEA4509CC
:109A50001CDD01992268A1EB050806995B464F1CA5
:109A60004FF6FE710844C0EA05400499D56800F538
:109A70008036C7EA010120463246A8472068C7EA77
:109A80000841C568204632465B46A8470598A0EBCA
:109A900009000004B0F5003FDCBF07B0BDE8F08F5F
:109AA0000299049A0904236801F5803192B21143A6
:109AB000A0F500301FFA8AF2D3F80CC0024320460A
:109AC0005B4607B0BDE8F04F60472DE9F04F81B02D
:109AD0000A9F984615460E4604464FEA1149B807B4
:109AE0004FEA124A16D522687019A9EB0A011368C9
:109AF00028F07F4BC0EA014120465A46984721682A
:109B000006EB0A00A9EB05020B68C0EA02412046F9
:109B10005A469847F8075FFA87FB16D02268701BF1
:109B2000A9EB0A01136828F07F47C0EA01412046EB
:109B30003A4698472168A6EB0A00A9EB05020B6894
:109B4000C0EA024120463A4698475FEA0B7019D5B1
:109B50004FF6FF71226826EA010170192944136843
:109B600028F07F47C0EA010120463A46984721681D
:109B700006EB0A0009EB05020B68C0EA0241204629
:109B80003A4698475FEA4B705CBF01B0BDE8F08F82
:109B90002268701B09EB0A01136828F07F47C0EAAE
:109BA000014120463A4698472268A6EB0A0009EB95
:109BB00005011368C0EA014120463A4601B0BDE8FC
:109BC000F04F18472DE9F04F81B00A9D9846934613
:109BD0000E4604460F0CA8074FEA124A20D5226809
:109BE00006EB0B00A7EB0A01C0EA014128F07F4910
:109BF000C0EA0600D2F804C000F5803220464B4689
:109C0000E047226806EB0A00A7EB0B017B1CD2F8A9
:109C100004C0C0EA0141C0EA034220464B46E04787
:109C2000E807EDB220D02268A6EB0B00A7EB0A01F3
:109C3000C0EA014128F07F49C0EA0600D2F804C01A
:109C400000F5803220464B46E0472268A6EB0A002A
:109C5000A7EB0B017B1CD2F804C0C0EA0141C0EAAB
:109C6000034220464B46E047280721D506EB0B0070
:109C70000AEB0702C0EA0601C0EA0240226828F0A7
:109C80007F49D2F804C000F5803220464B46E047B9
:109C9000236806EB0A000BEB0702C0EA0601C0EAE4
:109CA0000240D3F804C000F5803220464B46E0471E
:109CB00068075CBF01B0BDE8F08FA6EB0B000AEBB4
:109CC0000702C0EA0601C0EA0240226828F07F4885
:109CD000556800F5803220464346A8472368A6EB26
:109CE0000A000BEB0702C0EA0601C0EA0240D3F803
:109CF00004C000F580322046434601B0BDE8F04F75
:109D0000604700002DE9F04F85B01746044608B2C1
:109D100012B23E14B0EB02084FEA2142A6EB2140FA
:109D2000D8BFA7EB0108B2EB274FC8BFA2EB274073
:109D300002044FEA114CB2EB084F4FEA174502926A
:109D400008DD3A4666462F461546049040468C4646
:109D5000314601E0CDF810803AB20EB2964203903F
:109D600002DD8E46664603E0BE462E4665460F4639
:109D700029B232B24FF0FF368A420FFA8EF039B272
:109D8000C8BF0126814201902FDC4FEA08400090B5
:109D9000049823F07F4A00B24FEA600920680099D6
:109DA00003680298884207DD08F07F4000EB0A0252
:109DB000C5EA0741904606E00BF07F4000EB0A023F
:109DC000C7EA05419346204698470398A9EB000946
:109DD0000FFA89F0002848BF3544049848BF8144F1
:109DE000781C07B201988742D8DD05B0BDE8F08F36
:109DF0002DE9F04F85B0044610B217460E464FEAE3
:109E0000114A1514B0EB224F23F07F4B07DA20687C
:109E10003146D0F808C020463A465B46E047A8B233
:109E200005EBD030256803B24FEA630906EB630007
:109E30000AEB6302D5F818E04FF0010CFD031FFA9E
:109E400089F8C0EA02410CEB630553D4120480B2D6
:109E50000492029020465A464346CDF800C0F0478F
:109E6000206805EB0A01D0F818E002984FF0040CC6
:109E700040EA014120465A4643460395CDF800C0CA
:109E8000F0474FF6FF7026EA00000290A7EB0900AA
:109E90002268304405EB060A451CD2F804C0CAEA21
:109EA0000601C5EA060220465B46E04702982268A2
:109EB0003844A0F58030D2F804C0CAEA0001C5EAEF
:109EC000000220465B46E0476FEA080021683D1823
:109ED00070198F69049980B201434FF0020C20463B
:109EE0005A464346CDF800C0B84703980827C5EA4C
:109EF000004030E04FF0050C20465A464346CDF86E
:109F000000C0F0474FF6FF7026EA00000490A7EB70
:109F100009002268304405EB060A451CD2F804C04B
:109F2000CAEA0601C5EA060220465B46E0470498F5
:109F300022683844A0F58030D2F804C0CAEA000193
:109F4000C5EA000220465B46E0476FEA0800384455
:109F5000C0EA08400A274FF6FF72236826EA020289
:109F6000311810449E69C1EA000120465A46434612
:109F70000097B04705B0BDE8F08F00002DE9F04F25
:109F800083B00546100C00EB1140013800B2B0EB75
:109F9000214FCDE9011028DB019923F07F445018AF
:109FA00001384FEA114A07B20FFA81FB5F4515DB12
:109FB000DDF804904FEA0A481FFA89F048EA0001E8
:109FC000286806F07F4203681619284632469847EB
:109FD00009F101000FFA80F94F45EDDA0AF10100AD
:109FE0000FFA80FA02985045E0DA03B0BDE8F08F2E
:109FF0002DE9F04F93B01D9D9346AA789A460F46DF
:10A000000990BAB9A5A000210024FFF747FBDBE9BE
:10A010000012013AA31803EBD3735B1001EB031991
:10A02000D9F80860864201D95A1E01E004D25C1CAE
:10A030009442EFDD4FF00009E878032800F22B810D
:10A040001D990A79032A00F2268195A131F8106042
:10A0500097A131F810504FEA174893A1DFE802F0BA
:10A0600019020D10BBF80820BBF80A301A44520838
:10A0700005FB127706FB12880BE0BBF8082004E012
:10A08000BBF80820BBF80A301A4402FB157702FB24
:10A0900016881D9A31F81000138852790A931C9B78
:10A0A000002A069608970590049552D0CDF82C808A
:10A0B00000200DF130085646079000BF304641465B
:10A0C000FFF7ECFAF0B10C9900230E44DBE9001223
:10A0D000013A00BF9D1805EBD5756C1001EB041516
:10A0E000AF68874202D9621E02E000BF03D2631C40
:10A0F0009342EFDD0025002DE0D0A88807990144A8
:10A100000791DBE71D9A079FB2F9000039B2884238
:10A1100002DADDF82C801BE05279089BDDF82C80F8
:10A12000022A0DD0012A13D1401A00EBD0700699F3
:10A13000400801FB00330599089301FB008807E004
:10A140000699C01B00FB01330599089300FB0188A9
:10A150001C9B23F07F4012AC079000BF5046214665
:10A16000FFF79CFA002800F09680129900238A4499
:10A17000DBE90012013A00BF9E1806EBD676751097
:10A1800001EB0516B768874202D96A1E02E000BFDC
:10A1900003D26B1C9342EFDD0026002EDED0B9F116
:10A1A000000F09D00A98B6F9041000B2B9F90420DA
:10A1B000401A904206DA47E00A99B6F9040009B25B
:10A1C000814268DBDBF80C002021B1FBF0F1CDF817
:10A1D0002C80CDE90C014FF0FF3101FA00F0C043B3
:10A1E0000E903068DDF820800F900020CDE9100639
:10A1F000B0890499069D0B9A00FB018100FB0520A4
:10A20000039AC1EA00411D9802F07F42C078029093
:10A210000998029F0368D3F828E0079B009702EB98
:10A22000030C0CAA6346CDF80CC0F047B088059922
:10A2300000FB0588CDF82080DDF82C8000FB01882C
:10A240000A99091A0A9189E7DBF80C002021B1FB71
:10A25000F0F1049ACDE90C014FF0FF3101FA00F062
:10A26000C0430E90D9F8000008990F900020CDE966
:10A270001009B9F80C001D9F00FB0211069AFF7827
:10A2800000FB02830998C1EA03410268079B966AB2
:10A290000CAA0097B04713B0BDE8F08FE280A6008B
:10A2A00001000000FFFF0000000001000000FFFFB0
:10A2B0000000FFFF000001002DE9F04F85B00446CB
:10A2C00010B215460E464FEA114B4FF6FF791714A0
:10A2D000B0EB224F23F07F4807DA20683146D0F8F0
:10A2E0000CC020462A464346E04725EA0900049070
:10A2F000B8B207EBD03003B2276858101FFA80FAC3
:10A3000006EB63000BEB6302D7F81CC04FF0010EA5
:10A31000C0EA0241EF030EEB63093BD4120480B2A2
:10A3200003920290204642465346CDF800E0E047B3
:10A33000206809EB0B01C76902984FF0040C40EA52
:10A340000141204642465346CDF800C0B847226836
:10A3500009EB0600C0EA0601A5EB4A00D768049A9B
:10A3600080B2024320464346B8476FEA0A0021689C
:10A3700005447019CF69039980B201434FF0020C74
:10A38000204642465346CDF800C0B847C5EA0940CA
:10A39000082519E005272046424653460097E04726
:10A3A000226809EB0600C0EA0601A5EB4A00D7685F
:10A3B000049A80B2024320464346B8476FEA0A0037
:10A3C0002844C0EA0A400A254FF6FF72236826EAAD
:10A3D000020231181044DF69C1EA000120464246FA
:10A3E00053460095B84705B0BDE8F08FB0B541F6CB
:10A3F000B47350F803C00BB20FFA8CF49C4255DCD6
:10A400004FEA2C444FEA214E74454FDC41F6B074BC
:10A41000055B6544013D2DB2AB4247DC04446488D2
:10A4200004EB1C44013C24B2A6453FDC41F6B87461
:10A43000045925B29D4239DC2414744536DC41F6BA
:10A44000BC74045925B29D4230DD231473452DDDC3
:10A4500000292BD40B0413F5803F27DD41F6AC74A3
:10A46000055B013D2D049D4220DB03195B88013B08
:10A470001BB29E45C8BFB0BD4FF4FC6502F0F803A7
:10A4800005EA521545EA0323C2F3C4421A444FF6C3
:10A49000FF732CEA0303CB1A4FF48775A1EB0C0171
:10A4A00013FB2500090400EBE1308280B0BD41F6CA
:10A4B000B4710022425070472DE9F04F95B090469C
:10A4C0001E9A032A00F2338204461D460F464FEAC5
:10A4D0001149DFE802F002091320D8F8140081883E
:10A4E000C08839444A1E06E0D8F814003A46C188AC
:10A4F0008088791A4F1C4844431E17E0D8F814008E
:10A500003A468188C088791AA9EB00004F1C4B4657
:10A5100000F101090AE0D8F814004B468188C08890
:10A52000A9EB0101384401F10109421ED01B14922C
:10A5300002B21393A3EB09031EB20130002A03F108
:10A54000010248BF0020002E48BF0022C7EA09418F
:10A55000C0EA0242204600F023FA002800F0E7811A
:10A5600041F6B4710D95651841F6B073B5F9001058
:10A5700041F6B870E2183BB241F6BC7C04EB000E29
:10A580008B420E4606DBB2F900003E460844984274
:10A59000D8BF461E04EB0C00B5F902B011900FFABB
:10A5A00089F058455B4612940F9507DBB2F90230EB
:10A5B00003EB0B054B468542D8BF6B1EBEF900006E
:10A5C0000FFA86FA109241F6AC728245844606DB99
:10A5D000119DB5F90050AA45A8BF6E1EB446129C45
:10A5E000BEF902E01EB204EB020A7645724606DBB3
:10A5F000119AB2F902209642A8BF531E1A460FFACA
:10A600008CF3002B08D4BAF900301FFA8CF69E4266
:10A61000A8BF5E1EB3B200E000230B93DDE9136513
:10A6200013B2002B08D4BAF9023092B29A42A8BFF2
:10A630005A1E4FEA024C01E04FF0000C2AB28A4247
:10A6400007DB109BB3F900300B4429469342D8BF77
:10A65000591E32B25A4508DB109BB3F902305B44F5
:10A66000B3469342D8BFA3F1010B0AB2824206DB84
:10A670001198B0F900008242A8BF411E08460FFAA7
:10A680008BF1714507DB119AB2F902209142A8BF04
:10A69000A2F1010BDE4601B2002907D4BAF900107D
:10A6A00080B28842A8BF481E81B200E000210FFAA4
:10A6B0008EF0002808D4BAF902001FFA8EF2824206
:10A6C000A8BF421E100400E000201E9D129C032D16
:10A6D00000F22D814FEA1C46020CDFE805F0020F64
:10A6E0001E2D0B9DEB1BA6EB0907039700270C976C
:10A6F00001270E9700274CEA05001BE0149F4FF638
:10A70000FF707F1A039701270C9700270B9D02907B
:10A710004CEA0100A6EB09031AE0139F4FF6FF7302
:10A72000BF1A0E93149B039700270C9700270B9DCD
:10A730005B1A084302970CE00B9D4FF6FF730C93D6
:10A74000139BEF1B0397012728439B1A02970027AF
:10A750000E970F9F060C3F6848F2810AC91B09B289
:10A760001091A2EB174109B20F91D8F800104FF0E9
:10A77000FF32C01B02FA01F11490A6EB17404FF60E
:10A78000FF76C9431390E81B27EA0606C9B2ACEB73
:10A7900006060A9100B20D99129030141AB2119067
:10A7A00088B20192221D800A0B92C1F3C402089064
:10A7B000C1F3C44000270024002100230992079020
:10A7C0001498129A084400B2824200F3B080139A9F
:10A7D00002EB1141119A09B28A4200F3A880109A43
:10A7E0008242C0F2A4800F988842C0F2A0800398F1
:10A7F000D8F8141004931844B1F90460019BD8F8F8
:10A80000045016FB0030B0FBF5F6D8F800200968BC
:10A8100006FB150001EB86015043C8E903101498AC
:10A820004FF0000E20440D901398002600EB070C0B
:10A8300000200594069700BF14990A18129912B2C5
:10A84000914269DC139901EB1040119900B28142E9
:10A8500062DC109991425FDB0F9981425CDBD8F892
:10A8600000B0D8E90229D8F81050D9F800000BEB55
:10A870000503202BC8F8103006D309F1040300218A
:10A88000C8F80C30C8F810100D99E8408B190B99D6
:10A890000CEB0E074FF48774104014FB0717C0B27F
:10A8A0000A991BB2C0EB0020B0FBF1F007EB4302AA
:10A8B0001588C3B2C043EF0AC0B20999474307FBEA
:10A8C0000AF703FB01F4FF0D04FB0AF407EBD45471
:10A8D000C5F3451705F01F05474308996843079DD1
:10A8E000594300FB0AF06B4307FB0AF7C00D03FB5B
:10A8F0000AF3FF0D01FB0AF100EBD35007EBD15136
:10A9000040EAC42040EA411010800E9806440C989A
:10A910008644C6EA0E408FE70298059C069F0444D1
:10A920000E98049B0744C4EA0741013348E715B079
:10A93000BDE8F08F41F6A8714058016849680847A2
:10A94000B0B541F6B873C45841F6BC7C00EB0C0EB0
:10A95000C5180C6030F80C10C05ABEF802306D8873
:10A96000081A591BC0EA01401060B0BD4FF6FF73D2
:10A9700021EA030C41F6B873C15011446244C1EAA4
:10A98000020141F6BC728150704741F6B871002255
:10A99000425041F6AC71415841F6BC72815070474B
:10A9A0002DE9F04341F6BC7300EB030E41F6B4739E
:10A9B000C61841F6B073C7187C88B6F902504FEA42
:10A9C00012482C44013C0A4424B2013A0B0C0FFA01
:10A9D00082FCB4EB214F4FF000021ADDB6F90040C3
:10A9E0003E8808EB03072644013F013E3FB20FFAC1
:10A9F00081F936B2AF424FF00005A8BF01254E45A0
:10AA00004FF00006C8BF01263540A445A8BF01226B
:10AA10002A40BEF902401DB2AC4218DD41F6B874BE
:10AA2000051908EB03000138B5F9023000B298426D
:10AA30004FF000000CDBBEF9003009B28B4207DD9D
:10AA4000B5F9001000208C45A8BF012000E00020CF
:10AA50001040BDE8F08380B5043041F6A471F5F7ED
:10AA600036FF80BD80B541F6A87150F801C041F6AF
:10AA7000B471DCF800E041F6B072DEF800E0415855
:10AA80008258031D6046F446BDE8804060470000E0
:10AA90002DE9F04F83B01C4617460E468346FFF75C
:10AAA0007FFF002800F0E98041F6B8710BEB01024E
:10AAB00041F6B4710BEB010CBCF9001041F6B07516
:10AAC00033B241F6BC708B420BEB050901DA8BB255
:10AAD00006E0B9F9005029448B42ACBF4B1E334607
:10AAE000BCF902105844B1EB264F029001DD89B247
:10AAF00007E0B9F90200351408448542ACBF411E95
:10AB0000310C0194B2F900401DB241F6AC7EA54271
:10AB1000204606DB0298B0F900008542A8BF431E1C
:10AB20001846B2F902200DB24FEA1748BB190BEBD9
:10AB30000E0A9542174606DB029FB7F90270BD4226
:10AB4000A8BF791E0F4608EB164106B2002EA3F1EE
:10AB5000010308D4BAF9006080B2B042A8BF701EE9
:10AB60001FFA80FE01E04FF0000E481E39B20029A6
:10AB70001BB206D4BAF90210BDB28D42A8BF4F1E57
:10AB800000E00027DCF8005000B229B28B424FEA07
:10AB9000154C07DBB9F9001001FA85F619469E42FB
:10ABA000D8BF711E0FFA8CF3984207DBB9F9023057
:10ABB00003EB254603468642D8BF731E08B2A04267
:10ABC00006DB029CB4F90040A042A8BF611E0C46FF
:10ABD00018B2904206DB0299B1F902108842A8BF70
:10ABE0004B1E1A4620B20028A7EB154006D4BAF92E
:10ABF0000010A3B28B42A8BF4C1E00E0002411B28B
:10AC000000290FFA80F906D4BAF9020093B2834200
:10AC1000A8BF421E00E00022A2EB0C0001990FFA2F
:10AC200080F8C84529DB4FF4FC6001F0F80200EA27
:10AC3000511040EA0220C1F3C4428318AEEB050C68
:10AC4000601B00B20BF104060FFA8CFE4FF4877400
:10AC500070450CDB0FFA89F7624600BF15B201326E
:10AC600012B217FB0461904221F81530F6DA09F1AF
:10AC700001010FFA81F9C845EADA03B0BDE8F08FA7
:10AC8000B0B541F6B47241F6B07C815830F80C3062
:10AC900041F6AC7E0B4430F90E401DB2A542835202
:10ACA0000EDB00EB0C035B8802447044002503EBD1
:10ACB0001143B0F9020015801DB28542538001DABC
:10ACC0000120B0BD00201160B0BD006801290268FC
:10ACD00003D122F40661603126E022F4046240329E
:10ACE0000F29026008DC022910D0042912D008299B
:10ACF0001BD10168022215E010290ED020290FD0A7
:10AD0000402918BF7047016805220BE0016821F453
:10AD1000E03109E00168012204E00168032201E05A
:10AD20000168042262F390310160704742F2F8003A
:10AD3000C2F20000C08A9FED041A00EE100AB8EEBD
:10AD4000400A20EE010A70478400043A2DE9F043DE
:10AD500083B09846054601F1340028231646024484
:10AD600003EB114707EB1641013A4C1E010A8DF81F
:10AD70000900100A8DF808108DF80A0028462A21CB
:10AD80008DF80B2000F09FF820B102A9284604227C
:10AD900000F07CF8380A8DF80400200A8DF80600CF
:10ADA00028462B214FEA16498DF805708DF807408B
:10ADB00000F089F820B101A92846042200F066F8C5
:10ADC00028462C2100F07FF809FB06F0440003F030
:10ADD000A1F82969AA8AA8618A61686801684A6835
:10ADE00042F470624A60A2B24146F8F7A3FE012025
:10ADF00000214FF4FA7203F031F803B0BDE8F0839C
:10AE0000B7EE001AB4EE410AF1EE10FAC8BFB0EE88
:10AE1000410A9FED1D1AB5EE400AF1EE10FAC8BFC7
:10AE2000B0EE401A816880ED081A0968C06891ED9B
:10AE30000B0A4FEAB000B8EE400A042821EE000ADF
:10AE400009D8DFE800F0030D12171C00BCEEC00AA1
:10AE500081ED0D0A7047BCEEC00A81ED130A704700
:10AE6000BCEEC00A81ED0E0A7047BCEEC00A81ED4F
:10AE70000F0A7047BCEEC00A81ED100A7047BCEEA5
:10AE8000C00A81ED120A70470000000070B5144638
:10AE90000D46064603F03EF83169B28AB0618A6118
:10AEA0007068072301684A6863F30B224A60A2B204
:10AEB0002946F8F73FFE012000214FF4FA72BDE861
:10AEC000704002F0CBBF10B582B004468DF8071079
:10AED00003F020F82169A28AA0618A6260680723D2
:10AEE00001684A6863F30B224A600DF107010122F1
:10AEF000F8F720FE012000214FF4FA7202F0AEFFB5
:10AF00006FF35E000138B0FA80F0400902B010BD66
:10AF100090ED055A90ED011A90ED022A35EE400AA7
:10AF200090ED044A21EE000A90ED077A22EE001A15
:10AF300090ED066A31EE041A90ED033AB4EE471A2A
:10AF4000F1EE10FAB4EE461AC8BFB0EE471AF1EEB1
:10AF500010FAB8BFB0EE461A23EE012A30EE010A0D
:10AF600030EE020AB4EE470AF1EE10FAB4EE460AE9
:10AF7000C8BFB0EE470AF1EE10FAB8BFB0EE460A0D
:10AF800080ED041A7047000070B52DED048B86B07B
:10AF90000D460446C1F3072021F47F4141EA002613
:10AFA000A90FDFE801F0028F295DC6F3892000EECA
:10AFB000100A9FED631AB8EE400A20EE010A10EE67
:10AFC000100A0AF0EBFE6FF39F2600EE106A9FED69
:10AFD0006F1AB8EE400A20EE010A41EC180B10EE91
:10AFE000100A0AF0DBFE41EC100B8DED008B71A115
:10AFF00022468DED020B9BE0C6F3892000EE100A7D
:10B000009FED4F8AB8EE400A20EE080A10EE100AB3
:10B010000AF0C4FE41EC190BC5F3095000EE100A0A
:10B02000B8EE400A20EE080A10EE100A0AF0B6FE4A
:10B030006FF39F2600EE106A9FED541AB8EE400A97
:10B0400020EE010A41EC180B10EE100A0AF0A6FEE1
:10B0500041EC100B8DED009B8DED028B4CA164E05B
:10B0600000EE100A9FED358AB8EE400A20EE080A7D
:10B0700010EE100A0AF092FE41EC190BC5F347409E
:10B0800000EE100AB8EE400A20EE080A10EE100A90
:10B090000AF084FE41EC180B05F07F0000EE100A68
:10B0A0009FED271AB8EE400A20EE010A10EE100AB2
:10B0B0000AF074FE41EC100B8DED009B8DED028BC0
:10B0C00020A132E0C6F3892000EE100A9FED1C8A11
:10B0D000B8EE400A20EE080A10EE100A0AF05EFEF2
:10B0E00041EC190BC5F3095000EE100AB8EE400A06
:10B0F00020EE080A10EE100A0AF050FE6FF39F26A9
:10B1000000EE106AB8EE400AB5EE001A20EE010A11
:10B1100041EC180B10EE100A0AF040FE41EC100B47
:10B1200011A18DED009B8DED028B22468DED040B60
:10B1300000F028FF06B0BDEC048B70BDCDCCCC3D3B
:10B14000CDCC4C3D25753A20415247554D454E5486
:10B15000454420252E3266562D252E326656202552
:10B160002E3266410000000025753A202020204242
:10B1700041545445525920252E3266562D252E32E3
:10B18000665620252E326657200000000AD7233C41
:10B1900025753A2020205641524941424C452025F0
:10B1A0002E3266562D252E32665620252E326641C9
:10B1B0002000000025753A202020202020464958F4
:10B1C000454420252E32665620252E326641200029
:10B1D00080B54FF0805202EB017101F0E04101F1C6
:10B1E000007CC0F3072E20F47F4141EA0E23810F3B
:10B1F000DFE801F00217022F6FF39F2300EE103AF1
:10B200009FED381AB8EEC00A20EE010A80EE010A5E
:10B21000BCEEC00A10EE100A6FF39F2000EB8020F6
:10B2200056E06FF39F2300EE103AB8EEC00AB5EE79
:10B23000001A20EE010AB1EE001A20EE010ABCEE5F
:10B24000C00A10EE100A6FF39F204CEA80210843D9
:10B2500080BDC0F3474101EE101A9FED1F2AB8EEE2
:10B26000C11A03EE10EA21EE021AB8EEC33A00F05A
:10B270007F0023EE022A03EE100A9FED184AB4EE77
:10B28000401AB8EEC33AF1EE10FAB4EE402AB8BF55
:10B29000B0EE410A9FED121A23EE043AF1EE10FAD5
:10B2A000C8BFB0EE420A83EE043A80EE010A4FF6C0
:10B2B0000062C0F20F02BCEEC31ABCEEC00A11EE6F
:10B2C000100A10EE101A00F07F0002EA4121084433
:10B2D00040EA0C0080BD00BFCDCCCC3DCDCC4C3D78
:10B2E0000AD7A33C0AD7233C70B544F20812C2F235
:10B2F0000002D2E902E2724500F09480A2EB0E0255
:10B30000951001239FED482A9FED493A9FED494A48
:10B310009FED465A012D88BF93104FF0FF3C00224D
:10B320005EF82240A50FDFE805F01302021FC4F308
:10B33000095506EE105AB8EEC66AC4F3892426EE03
:10B34000037A06EE104AB8EEC66A26EE036A1BE0E0
:10B35000C4F3892406EE104AB8EEC66A26EE037AD4
:10B36000B0EE476A10E000BFC4F30725C4F34744BA
:10B3700006EE104AB8EE466A26EE057A06EE105A38
:10B38000B8EE466A26EE056AB4EE406AF1EE10FAAF
:10B390000CDCB4EE407AF1EE10FA07DBB5EE402A91
:10B3A000F1EE10FA2EDBB0EE442A2AE0B4EE607A19
:10B3B000F1EE10FA10DBB4EE417AF1EE10FA0BDC8C
:10B3C00030EE477AB0EEC77AB4EE472AF1EE10FAC3
:10B3D000A4BFB0EE472A9446B4EE606AF1EE10FACC
:10B3E00010DBB4EE416AF1EE10FA0BDC36EE406A87
:10B3F000B0EEC66AB4EE462AF1EE10FA02DBB0EE09
:10B40000462A9446013293427FF48AAF1CF101022E
:10B410001CBFC0F800C081ED002ABCF1FF3018BF8E
:10B42000012070BD002070BD0000807FCDCCCC3DE0
:10B43000CDCC4C3D0000000010B50446806810B132
:10B44000E06000F0FCFE204610BD70B50446807A36
:10B4500000B170BD207A0028FBD0002645F228609C
:10B460002672C2F200000068A1696060097A59B9C9
:10B47000626904F10C05284603219047607A18B9E7
:10B480006269284600219047667270BD10B5044677
:10B49000007AB8B1607AA17A084313D145F22860E6
:10B4A000C2F2000000682168401AB0F5967F09D307
:10B4B000A069007A20B9626904F10C00012190476B
:10B4C0000120607210BD017A01B1704745F2286118
:10B4D000C2F200010A684368D21A092A02D801217F
:10B4E0008172704709680022016081698272097A5D
:10B4F00000294FF001010172E7D100F10C0142690E
:10B5000008460221104710B504468069416809B118
:10B51000E0688847204610BDB0B543F61C50C2F223
:10B520000000016800224A630A6A41F211142242B3
:10B5300008D10A6A44F244431A4203D10A6822F04D
:10B5400001020A600125002180F83D50F9F7ECFA6C
:10B5500043F60060C2F200000168CA6822F00102EE
:10B56000CA600A6A224208D10A6A44F244431A4273
:10B5700003D10A6822F001020A6080F83D50B0BD94
:10B5800010B543F6006CC2F2000C40F27C01DCF80E
:10B5900000E0C2F2000103880C68DEF8281001F117
:10B5A0000102B4FBF2F123B1B1EB430F0BD2002245
:10B5B0000EE0B1F5FA6F5FD34FF4FA605043B4FB7D
:10B5C000F0F0421E59E059005143B4FBF1F14A1E1C
:10B5D000CEF82C204188CCF80C20594344F6D353A4
:10B5E000C1F26203A1FB031342F29C229909C2F249
:10B5F000000243F61C54116042F29822C2F2000489
:10B60000C2F200022368116093ED0B0A90ED011A5B
:10B61000B7EE002AB4EE421A40F28002F1EE10FAC0
:10B62000C8BFB0EE421A9FED1B2AB5EE401AC2F217
:10B630000002B8EE400AF1EE10FAC8BFB0EE412A9F
:10B6400092ED001A22EE000A21EE000A42F2A02238
:10B65000BCEEC00AC2F20002836882ED000A10EE5E
:10B66000100A0A46984723680246204600215A637A
:10B67000BDE81040F9F73AB8002243F61C50CEF866
:10B680002C20C2F200000021CCF80C20BDE81040B4
:10B69000F9F74ABA0000000001A100F073BC00BF36
:10B6A0006D61696E20756920756E6D6F756E74655C
:10B6B00064000000B0B52DED068B82B0044640302A
:10B6C00000F00BFD04F1780000F007FD04F15C00D0
:10B6D00000F003FD42F2F800C2F20000018B90ED91
:10B6E000071A00EE101AB8EE400AB8EE411A80EEC2
:10B6F000010A9FED913AC18A008A01EE101A9FED6E
:10B700008D2A8E498DA204F1180CB8EE411AD2E9A7
:10B7100001358CE82A009189927B20EE030A84EDA2
:10B72000030A00EE100AB8EE400A20EE020A21EEEB
:10B73000021A10EE100A84ED021AA18484F8262061
:10B7400004F128050AF02AFB41EC100B7FA22846E1
:10B7500010218DED000BF4F791FE94F87400002891
:10B7600069D045F22865C2F200052868216E94ED83
:10B77000171A401A00EE100AB8EE400AB8EE411A45
:10B7800080EE010AB7EE00AAB1EE048AF0EE480A94
:10B79000B4EE4A0AF1EE10FAC8BFB0EE4A0A3AEE29
:10B7A000400A09F069FF3AEE400A9FED6C9AB4EE48
:10B7B0004A0A9FED6B2AF1EE10FAC8BFB0EE4A0AB2
:10B7C000B5EE400AB0EE491AF1EE10FAC8BFB0EE7D
:10B7D000401A21EE020ABDEEC00A10EE100A2087C0
:10B7E0002868216E94ED171A401A00EE100AB8EE80
:10B7F000400AB8EE411A80EE010AF0EE480AB4EEB3
:10B800004A0AF1EE10FAC8BFB0EE4A0A3AEE400A10
:10B8100009F032FF3AEE400AB4EE4A0AF1EE10FAAD
:10B82000C8BFB0EE4A0AB5EE400AF1EE10FAC8BF42
:10B83000B0EE409A70E094F89000002875D045F280
:10B840002865C2F200052868E16F94ED1E1A401ABF
:10B8500000EE100AB8EE400AB8EE411A80EE010A76
:10B86000B7EE009AB1EE048AF0EE480AB4EE490A47
:10B87000F1EE10FAC8BFB0EE490A39EE400A09F0FD
:10B88000FBFE39EE400A9FED35AAB4EE490AF1EE0F
:10B8900010FAC8BFB0EE490AB5EE400AB0EE4A1A37
:10B8A000F1EE10FAC8BFB0EE401A9FED2D0A39EE46
:10B8B000411A21EE000ABDEEC00A10EE100A2087E0
:10B8C0002868E16F94ED1E1A401A00EE100AB8EED7
:10B8D000400AB8EE411A80EE010AF0EE480AB4EED2
:10B8E000490AF1EE10FAC8BFB0EE490A39EE400A33
:10B8F00009F0C2FE39EE400AB4EE490AF1EE10FA40
:10B90000C8BFB0EE490AB5EE400AF1EE10FAC8BF62
:10B91000B0EE40AA39EE4A9A9FED120A29EE000ACB
:10B92000BDEEC00A10EE100A608702B0BDEC068BB7
:10B93000B0BD00BF8400043AD45268385050532040
:10B9400032302E305620322E30410000496E707554
:10B95000743A20252E3266560000000000000000D8
:10B9600000000CC20000C8C22DE9F04F81B02DEDDF
:10B97000048B8EB00646DDE91CB510EE100AB0EE61
:10B98000608A049391460F4601F550240AF006FAA6
:10B9900041EC100B029508AD67A2284610215B46CA
:10B9A0008DED000BF4F76AFD47F6FF71ADF830102E
:10B9B0004FF400317068CDF832106FF07F4147F6D8
:10B9C0005C3207960CAE0091C0F6010221462B4670
:10B9D0000196FEF70DFB18EE100A0AF0DFF947F6A4
:10B9E000E34441EC190BC0F601042846102122461D
:10B9F0008DED009BF4F742FDB2EE040AB4EE408AEE
:10BA00009FED540A112000EB174629F07F40F1EE1C
:10BA100010FAB4EE408A9FED520A069049A04BA15D
:10BA2000A8BF2046F1EE10FAB8BF01464AA2B4EE14
:10BA3000408A0DF1300AF1EE10FAB8BF0A465046BE
:10BA400008218DED009BF4F719FD47F664094FF0CE
:10BA50000108C0F6010903979AF80000302803D0C6
:10BA6000002847D04FF0000800230B215A1802EBA2
:10BA7000D272541009EB04129568854202D9611EF6
:10BA800002E000BF04D2631C8B42EFDD2FE000BF59
:10BA9000A0F130010798092940681AD8B2F90410BA
:10BAA0005FEAC873069B049DC1F1140118BF25F01D
:10BAB0007F43059D01EBD17107EB510105F07F45F7
:10BAC000C1EA06412B441D460593FDF79CFE142058
:10BAD0000AE0069D0BF07F4303EB050BC7EA064126
:10BAE0005B46FDF790FE80B2074406EB10460AF174
:10BAF000010AB1E7039947F6FF72381DADF830200F
:10BB00004FF40032C0EA01010798CDF83220069ABE
:10BB10004068009247F66C321D9B01F57811C0F623
:10BB200001020CAF0197FEF763FA0EB0BDEC048B77
:10BB300001B0BDE8F08F00BF2573202530352E32CF
:10BB4000662573002530352E336600002530352EEE
:10BB5000316600000000C8422530352E30660000F6
:10BB600000007A442DE9F04F89B0814690F83D00FD
:10BB70004CF2C006C0F2C00620BB47F6FF70ADF81D
:10BB80001C000020B9F8381047F65C35CDF81E00CF
:10BB9000D9F80400C0F6010509F11803090407AC3F
:10BBA0002A4600960194FEF723FAB9F83810D9F81E
:10BBB00004000E3109F1280309042A460096019475
:10BBC000FEF716FAB9F83800D9ED020A233099EDDC
:10BBD000040A0104ADA04EF6670247F20E43AAA77D
:10BBE0000090C0F2F902C0F2900348460197FFF7B7
:10BBF000BBFEB9F83800D9ED030A6930010447F6F5
:10BC0000055099ED050AC0F601004EF2FD0246F21C
:10BC1000A123A0A70090C0F24702C0F20703484644
:10BC20000197FFF7A1FE99F83C00F0B9B9F8380088
:10BC300099ED021AAF3099ED040A99ED052A99EDB4
:10BC4000033A010495A04AF2FD4241F2BE2320EEE0
:10BC5000020A61EE030A90A70090C0F2AF02C0F2A0
:10BC60003C0348460197FFF77FFE99F83E00002805
:10BC700040F0C18009F1D7000590D9F80400B9F867
:10BC80003A60016806F1F002CF6811048722C0F221
:10BC9000640200234FF0000BB847D9F8040006F106
:10BCA000F40102680904576848F2800301F1730245
:10BCB000C0F28003B84747F6FF72ADF81C206FF062
:10BCC0007F42D9F8040006F1F801009247F65C3291
:10BCD000090409F1E00307AFC0F60102CDF81EB078
:10BCE0000197FEF785F906F20B1047F66408040485
:10BCF0000125C0F601084FF0000ACDE9029400BF0B
:10BD000009EB0A0090F8CC000023B0FA80F1490951
:10BD100030300D40C0B20B215A1802EBD2725710CE
:10BD200008EB07129668864202D9791E02E000BF2E
:10BD300003D27B1C8B42EFDD0022B2F90410B9F96B
:10BD4000D030059FD9F804000695002D18BF09F1E1
:10BD5000DA07C1F114019A4508BF09F1D40701EBD4
:10BD6000D171BB783F880BEB510189B247EA03439D
:10BD70000CF07F4721433B444E469946FDF743FD77
:10BD8000BAF1010F0BF1140B2CD11FFA8BF044EA1E
:10BD900000017068049D00270B2300BFFA1802EB16
:10BDA000D272561008EB061294682F2C02D3731E21
:10BDB00003E000BF2E2C03D0771C9F42EEDD002253
:10BDC000059FBB783F8847EA034305F07F473B4424
:10BDD0000493FDF718FD039C069DCC46DDF8089002
:10BDE000834402E0069DCC46B1460AF1010ABAF14D
:10BDF000040F7FF485AFD9F804007322016848F27C
:10BE000080034F68C0F2EF02C0F280037321B8478D
:10BE100040F20030C0F2030047F65C358726CDF8CB
:10BE20001E00F021D9F80400D9F8F8304CF2C00413
:10BE3000C0F60105C0F2EF06ADF81C1007AFC0F266
:10BE4000C00431462A4600940197FEF7D1F8D9F88C
:10BE50000400D9F8F43001218DF8211031462A462A
:10BE600000940197FEF7C4F8D9F80400D9F8F0302F
:10BE700002218DF8211031462A4600940197FEF7E1
:10BE8000B7F809B0BDE8F08F56000000552D536596
:10BE90007400000041000000570000004D61780070
:10BEA000022916D190F85810002918BF70470021B8
:10BEB00045F2286280F89010C2F2000213684364D1
:10BEC000012380F85830126880F87430026680F8D8
:10BED0003E107047B0B50C4602A1054600F052F87E
:10BEE0006C60B0BD6D61696E207569206D6F756E97
:10BEF0007465640010B50446D0F8C40047F62822E3
:10BF00004168C0F6010202F10800206011B1D4F8C6
:10BF1000B8008847D4F8A800416811B1D4F89C0053
:10BF20008847D4F88C00416811B1D4F88000884764
:10BF3000206F416809B1606E8847606D416809B142
:10BF4000A06C8847204610BD82B080B582B040F218
:10BF50008400C2F20000D0F88C00049203280593FC
:10BF60000BDB04AB45F228600193C2F200008C4663
:10BF700000684921624600F05FF802B0BDE88040E9
:10BF800002B0704782B080B582B040F28400C2F245
:10BF90000000D0F88C000492042805930BDB04AB5E
:10BFA00045F228600193C2F200008C4600684421EB
:10BFB000624600F041F802B0BDE8804002B0704730
:10BFC00082B080B582B040F28400C2F20000D0F8A6
:10BFD0008C000492012805930BDB04AB45F228602A
:10BFE0000193C2F200008C4600684521624600F0D1
:10BFF00023F802B0BDE8804002B0704782B080B53F
:10C0000082B040F28400C2F20000D0F88C000492AA
:10C01000052805930BDB04AB45F228600193C2F2BF
:10C0200000008C4600685621624600F005F802B018
:10C03000BDE8804002B070472DE9F04140F284072E
:10C04000C2F200071546D7F88420AAB31C4603465F
:10C050003970781C1AA20A214FF00A08F4F70EFA78
:10C06000202007F10C06F872304674212A46234638
:10C07000F4F7E6F9742806F8008006D12E2187F837
:10C080007F1042F62E61A7F87D10384400F10D01B3
:10C09000B94211D900F10C05002400BFD7F8840083
:10C0A00039190022002301F057FE30B90134381944
:10C0B0000138A842F2D300E000242046BDE8F08118
:10C0C00040252D397500000010B5044640694168CF
:10C0D00009B1A0688847204610BD017E71B145F2C4
:10C0E0002861C2F200010968D0E900231A44914294
:10C0F00004D341690022097A027601B1704700F148
:10C100000801026908461047032988BF704780B5B7
:10C1100082B0C80040F20231C0F20011C14044F6C2
:10C120006010C2F2000000688DF807100DF10701E1
:10C130000022002301F010FE02B0BDE880407047ED
:10C14000032988BF704780B582B0C80040F20671ED
:10C15000C0F20451C14044F66010C2F20000006811
:10C160008DF807100DF107010022002301F0F4FD06
:10C1700002B0BDE880407047032988BF704780B592
:10C1800082B0C80040F60A31C0F60811C14044F63A
:10C190006010C2F2000000688DF807100DF1070171
:10C1A0000022002301F0D8FD02B0BDE880407047B6
:10C1B00000F03BF880B582B061B1012918D144F696
:10C1C0006010C2F200000D2100688DF806100DF11C
:10C1D000060109E044F66010C2F200000C2100687C
:10C1E0008DF807100DF107010022002301F0B4FDC6
:10C1F00002B080BD00F019F845F22861C2F20001DA
:10C2000000680968C167012180F8901000218187CA
:10C2100070470068012180F83E107047006840F2C6
:10C2200001118187704700F000F8F4F797FA42F2A5
:10C230003420C2F2000000687047F4F78FFAF4F778
:10C24000D8B8000010B50446002808BF012400BF7C
:10C250002046F4F79FF8002818BF10BDFFF7E7FF4E
:10C2600008B18047F4E7002010BD0000F0B581B0B0
:10C2700070B3044644F28C20C2F200000068A04271
:10C280002FD003F007FC44F29420C2F2000065694D
:10C29000076844F29820C2F20000066803F01CFC14
:10C2A000BD424FF0020018BFB5421BD045F6B45056
:10C2B000C2F20000854217D045F6C8510120C2F2F3
:10C2C0000001002D08BF04208D4208BF042009E0B2
:10C2D0004FF0300080F31188BFF36F8FBFF34F8FA3
:10C2E000FEE7002001B0F0BDA06A08B10220F9E726
:10C2F00094F858100320012908BF0220F2E700003B
:10C3000082B0012001214FF0FF3201F0A7FD42F27F
:10C310003820C2F200004CF2091247F6AC238169C2
:10C32000C0F60002C0F60103C0E905234968C068F1
:10C3300001B1884742F25420C2F200004CF241128F
:10C3400047F6BC238169C0F60002C0F60103C0E9CC
:10C3500005234968C06801B1884742F27020C2F2E3
:10C3600000004CF2791247F6CC238169C0F6000236
:10C37000C0F60103C0E905234968C06801B18847D8
:10C3800042F2FC40C2F200004CF2B51247F6DC2348
:10C390004169C0F60002C0F60103C0E90423496800
:10C3A000806801B1884744F6501040F21415C2F27B
:10C3B0000000C2F20005016844F65C1844F20C006B
:10C3C00044F654172A68C2F20008C2F20000C2F212
:10C3D0000007C8F8000044F660193868D26C9FED79
:10C3E000340AC2F20009C9F8001090472968386879
:10C3F000096C884729683868C96B88472968386894
:10C40000896C884729683868496C88470028F1D1C9
:10C4100029683868C96CB7EE000A884744F6581690
:10C42000C2F200060DF107044FF0000AD8F8000030
:10C4300070B1316829B10868826808469047D8F819
:10C4400000000268396852683060C8F800A0904760
:10C45000306830B9EAE700BF02689DF8071012683B
:10C460009047D9F8000021460022002301F0F0FB9C
:10C47000014630680029EFD00168C96888472968FB
:10C480003868096C884700BF29683868C96B8847D5
:10C49000306801680969884729683868896C884765
:10C4A00029683868496C88470028EDD1BEE700BF8D
:10C4B00000000000A2B04EF60C55CEF20005286830
:10C4C0004FF6FF01084040F20031C0F2FA51084334
:10C4D00041F24C0728600F20C4F20207F6F7C4FFB0
:10C4E00080BB78694FF0FF3240F0010078617869D5
:10C4F00000F0010003900398F86840F08050F86065
:10C50000F86800F08050039003982868C0F3022078
:10C5100080F00701042928BF0421033802FA01F141
:10C5200038BF0020C94301FA00F00001A87530208F
:10C53000C4F20100016821F001010160016841F0CD
:10C540000201016040F20049C4F60009FAF782FADC
:10C550000024079438684FF4006B40F020003860E6
:10C56000386803AE00F020001B901B9838684FF02D
:10C57000010A40F0040038603868314600F00400D9
:10C580001B901B9838684FF0080840F00100386095
:10C59000386800F001001B901B98386840F00200DA
:10C5A0003860386800F002001B901B980820C9F81A
:10C5B0002804C9F828B0039009F58060CDE904A4E7
:10C5C00006940290F6F77EFECDF80C804FF003083B
:10C5D0004FF090403146CDE90484F6F773FE4846AB
:10C5E0003146CDE903BACDE90548F6F76BFE4FF4C5
:10C5F000607003904FF44410049002200590484668
:10C600003146F6F75FFE28684EF20B46C0F3022172
:10C6100081F00702042A4FF0040028BF0246CB1E17
:10C620004FF0FF3101FA02F228EA020238BF234636
:10C630009A401201CEF200064EF2001C32734FF403
:10C640000002CEF2000CCCF8002057F8042C42F087
:10C65000040247F8042C57F8042C02F00402039259
:10C66000039A57F8042C42F0010247F8042C57F8BB
:10C67000042C02F001020392039A57F8042C42F0B2
:10C68000020247F8042C57F8042C02F0020203922D
:10C69000039A2A68C2F3022282F00703042B28BF00
:10C6A0000346033A01FA03F338BF224628EA03039C
:10C6B00003FA02F212013270CCF800B02A68C2F319
:10C6C000022282F00703042B28BF0346033A01FA33
:10C6D00003F338BF224628EA030303FA02F21201E9
:10C6E00072704FF48052CCF800202A68C2F3022204
:10C6F00082F00703042B28BF0346033A01FA03F331
:10C7000038BF224628EA030303FA02F21201B2708C
:10C710004FF40052CCF800202A68C2F3022282F0C3
:10C720000703042B28BF0346033A01FA03F338BF7B
:10C73000224628EA030303FA02F21201F2704FF4D0
:10C740008042CCF800202A68C2F3022282F007035C
:10C75000042B28BF0346033A01FA03F338BF2246ED
:10C7600028EA030303FA02F2120132714FF4004285
:10C77000CCF800202A68C2F3022282F00703042BBF
:10C7800028BF0346033A01FA03F338BF224628EADA
:10C79000030303FA02F2120172714FF48032CCF8F3
:10C7A00000202A68C2F3022282F00703042B38BF5C
:10C7B000184601FA00F0033A28EA000038BF224682
:10C7C0009040000186F82D004FF08070CCF80400F6
:10C7D00003A82021F4F77BF843F27456C2F2000656
:10C7E0004FF0A0404FF4403186E813000820B061BC
:10C7F0004FF48070B0830C20C6E911043046C6E9BE
:10C800000344C6F814A0C6F8208086F82440C6E980
:10C810000B4486F838A0F46386F840A0C6E9134AB2
:10C82000F5F79CFF28B1EFF3108072B600BE00BF91
:10C83000FEE796F85800DDF808B040F20049C4F66B
:10C840000009012843D000201B9017903168B1F1F6
:10C85000A04F36D10824C5F20004D4F80011226894
:10C86000114349072DD4D4F8000320F46040C4F8E4
:10C8700000032068D4F800110843C00706D1D4F89B
:10C88000000340F61F718843C4F800030221C0F280
:10C890003041039106210491032105917F2100205D
:10C8A0000691042186F85800CDE9071003A9304607
:10C8B000F5F7A6FD88B1EFF3108072B600BE00BF99
:10C8C000FEE7F16D41F02001F16586F85800EFF3C5
:10C8D000108072B600BE00BFFEE70820C0F6904090
:10C8E00003900C20049043F27450C2F2000003A99C
:10C8F000F5F786FD28B1EFF3108072B600BE00BFD9
:10C90000FEE71020C1F2C00003901220049043F211
:10C910007450C2F2000003A9F5F772FD28B1EFF3DD
:10C92000108072B600BE00BFFEE703A82021F3F717
:10C93000CEFF43F2E05004F1F801C2F200004FF4E0
:10C940004032002680E846004FF4807101234FF00A
:10C95000080C81834FF003080C21C0E90366C0E98D
:10C96000053CC0F8208080F82460C0E90B6680F8A0
:10C970003830C66380F84030C0E91116C0E913634F
:10C98000F5F7ECFE28B1EFF3108072B600BE00BFE1
:10C99000FEE742F20000C3F2906003900620CDE96A
:10C9A00004087F2006900420CDE9070643F2E050FA
:10C9B000C2F2000003A9F5F723FD20B1EFF31080C8
:10C9C00072B600BEFEE70020CCF2293003900C20A6
:10C9D000049043F2E050C2F2000003A9F5F710FD05
:10C9E00028B1EFF3108072B600BE00BFFEE7002052
:10C9F000CCF68C3003901220049043F2E0500DF1FD
:10CA00000C0AC2F200005146F5F7FAFC28B1EFF328
:10CA1000108072B600BE00BFFEE73023C4F20103EF
:10CA200043F24C6803F5EE70C2F200080021402288
:10CA300088E80700C8E90311C8E905111791D3F880
:10CA4000DC11B1F1FF3F04DD98F81D1031B1402138
:10CA50002BE0EFF3108072B600BEFEE7002088F8EE
:10CA60001C00C8F82000CDE90600396841F0020139
:10CA70003960396801F002011B911B990121039172
:10CA80000321CDE9041003A94846F6F71BFC08F181
:10CA9000080CD8E9000E9CE80C10D8F8141042EAF3
:10CAA0000E021143194341EA0C010268036847F67C
:10CAB0000F66CFF600763340194301600168090222
:10CAC0001AD512F4000117D140F27C01C2F2000124
:10CAD000096842F663528909C0F23E52A1FB021274
:10CAE000910901EB8101142202EB81011791179941
:10CAF00011B117990139F9E740F20021C4F201019F
:10CB0000884208D040F20421C4F20101884205D1D4
:10CB10004FF480010DE04FF400110AE03021C4F21F
:10CB2000010101F5EC724FF08041904208BF4FF0D7
:10CB30000051D8F8180082073AD0C30640F23003FB
:10CB4000C4F20103D3F8D83354BF8B430B4386069A
:10CB500040F23006C4F20106C6F8D83340F2300382
:10CB6000C4F20103D3F8DC3340F2300654BF8B43E8
:10CB70000B43C4F20106002A40F23002C6F8DC334F
:10CB8000C6F8E413C4F20102D2F8D42354BF8A4396
:10CB90000A43C00740F23000C4F20100C0F8D423B9
:10CBA00040F23000C4F201000ED1D0F8D00309E009
:10CBB0003022C4F20102D2F8D4038843C2F8D4036D
:10CBC000D2F8D003884302E0D0F8D00308433021E4
:10CBD000C4F20101C1F8D00398F81D0010B901207A
:10CBE00088F81D000AF104002C21F3F770FE43F2CF
:10CBF000706004F5FF61C2F200000160F6F729F9E8
:10CC000020B1EFF3108072B600BEFEE702200021D3
:10CC10000390CDE90710CDE9090143F27060ADF84A
:10CC20001010CDE90511C2F2000003A90022F5F7AA
:10CC3000FDFF20B1EFF3108072B600BEFEE743F2B5
:10CC4000706003AEC2F2000031461022F5F7EEFF2D
:10CC500020B1EFF3108072B600BEFEE7301D2C212C
:10CC6000F3F735FE43F2846041F20001C2F20000A6
:10CC7000C5F200010160F6F7ECF820B1EFF3108087
:10CC800072B600BEFEE7022000260390CDE90760E1
:10CC9000CDE9090643F28460C2F2000003A9102224
:10CCA000ADF81060CDE90566F5F7C0FF20B1EFF3F0
:10CCB000108072B600BEFEE743F6000043F6780A25
:10CCC00041F23621C4F20000C2F2000AC4F262014D
:10CCD00000F580440AF104004FF00108019180E85A
:10CCE00042010AF110001421CAF80040F3F7EFFDE9
:10CCF0009AF84100002800F0B38043F67801242020
:10CD0000C2F2000181F841002068B8F1010F20F063
:10CD100001002060019820F070602061A06820F47C
:10CD20000040A06003D146F40040A06009E046F452
:10CD30000440B8F1020FA06003D1606840F40060C5
:10CD400002E0606820F400606060606843F6780686
:10CD500040F0007040F400406060E068C2F20006FD
:10CD600020F40040E06006F110030FCB084340EAD6
:10CD70000220E060306A202118432060206840F0E3
:10CD8000010020600020706486F84110306386F84E
:10CD9000420096F8410020285DD143F67800C2F2A7
:10CDA000000090F84000012855D043F67803242075
:10CDB000C2F2000383F841002168202221F0010122
:10CDC0002160216821F4805121602168216021685F
:10CDD00041F001012160002183F8412083F84010D7
:10CDE00093F84130202B53D143F67803C2F200036D
:10CDF00083F841002068012620F0010020602068AF
:10CE00004FF0800820F47060206020684FF0400BE5
:10CE100040F0010020603020C4F2010083F841207E
:10CE200000F5357243F6CC00C2F20000082483F806
:10CE3000401080E80409046106758161C0E90911A8
:10CE4000C162F6F791FB002800F08E80EFF31080AE
:10CE500072B600BEFEE7EFF3108072B600BEFEE7CA
:10CE600043F678000024C2F2000003AE80F8404090
:10CE7000301D4021F3F72BFD4FF4807003903046B6
:10CE8000F6F70AFD48B1EFF3108072B600BEFEE778
:10CE9000EFF3108072B600BEFEE738681BA940F0C1
:10CEA0000400386038683E4600F004001B901B9870
:10CEB0004FF440701B9012201C900120CDE91D04FE
:10CEC00008201F905846F6F7FDF9F868042240F054
:10CED0008040F860F8684FF0FF3C00F08040179009
:10CEE000179828684FF00308C0F3022080F007016C
:10CEF000042928BF114603380CFA01F138BF204637
:10CF000028EA010101FA00F04EF20B460001CEF2D0
:10CF100000064EF2001386F851004FF08050CEF21A
:10CF2000000398602868AE46C0F3022080F0070135
:10CF3000042938BF0A4603380CFA02F138BF2046EC
:10CF400028EA010101FA00F0000186F852004FF0D2
:10CF50000050986043F67800C2F20000D0E900412A
:10CF6000D0E902680191C8E63020C4F2010000F562
:10CF7000367143F60810C2F200000461002480E814
:10CF8000020906758461C0E90944C462F6F7ECFA47
:10CF900020B1EFF3108072B600BEFEE743F62046E4
:10CFA00043F60003C2F200064FF482704FF4E061D2
:10CFB000C4F200034FF480224FF0100BC6E900309A
:10CFC000C6E9024107200821C6E90444C6E9062B48
:10CFD000C6E90844C6E90A40C6E90C4196F85D0076
:10CFE000002873D0022043F6000186F85D00C4F2E9
:10CFF000000108684FF4E06E20F0400008604FF434
:10D00000805C0846D6E90134D6E9042103F4827332
:10D0100004F40444234402F002021A44B36901F008
:10D020000101F469114403F40072114404F0380260
:10D03000346A114404F08002B46A114404F40052CA
:10D04000114301600421726A0EF4706401EA134115
:10D05000736B44EA0C0402F01002214303F008034E
:10D06000114319434160C169002421F40061C16189
:10D07000012042F60048346686F85D001BA81C219A
:10D08000C4F201081A94CDE918441694CDE9144469
:10D09000F3F71DFC03A83421F3F719FC43F684468B
:10D0A000C2F200064FF4AA708021C6E90240304661
:10D0B000C6E90084C6E90444B161F6F7DAFE002847
:10D0C00044D0EFF3108072B600BEFEE74FF00008C8
:10D0D00086F85C80F8684FF0020A40F48040F860FF
:10D0E000F86803A900F4804003900398386840F082
:10D0F00002003860386800F00200039003984FF493
:10D100003040039001200690052007904846CDE965
:10D1100004A8F6F7D7F84420C4F2020043F258748A
:10D120002830C2F200040D21802284E80308204642
:10D13000C4E90382C4E90588C4E90788F5F772FFEA
:10D1400058B3EFF3108072B600BEFEE73068016896
:10D1500041F48051016041F24E51C16296F83C2089
:10D16000F160012A09D0022186F83D1001214161B8
:10D17000002086F83D1086F83C004FF48050179050
:10D1800043F68440C2F2000017A9F6F7CBFFF0B1D6
:10D19000EFF3108072B600BEFEE730687465A662D9
:10D1A000D6F80CE086F85DA00268BEF5E06F22F0CC
:10D1B0004002026098BF4FF001084EF400624FEA4F
:10D1C000083CB2F5706F1CBF0023B3621AE743F648
:10D1D0008440C2F20000F7F7E3FE20B1EFF31080C5
:10D1E00072B600BEFEE7102014908020169043F621
:10D1F00084400024C2F2000014A91594F6F77EFDC5
:10D2000020B1EFF3108072B600BEFEE760201B90E5
:10D210004FF6F070CDE91C040820CDE91E0443F65A
:10D220008440C2F200001BA90022CDE92044F7F798
:10D23000DBFC20B1EFF3108072B600BEFEE70026E3
:10D240000220CDE906064FF4005043F68444CDE9B0
:10D2500008064FF00070C2F20004CDE90C0603A9E5
:10D260002046CDE903660596CDE90A66CDE90E664E
:10D27000F6F7DFFC20B1EFF3108072B600BEFEE7D8
:10D280002068F7F76DF943F66850C2F200004FF0DE
:10D290008041AA22C0E9001680211C96CDE90866CB
:10D2A000CDE90666C0E9026206618161F7F778FEA2
:10D2B00020B1EFF3108072B600BEFEE743F668506F
:10D2C0000024C2F200001BA91B941D94F6F716FD62
:10D2D00020B1EFF3108072B600BEFEE76020CDE90A
:10D2E00003040594079443F66854C2F2000403A9AA
:10D2F00020460822F7F778FC20B1EFF3108072B6D1
:10D3000000BEFEE7206840F2004AC4F2000AF7F7C8
:10D3100027F943F6B4544FF0000BC2F200044FF06B
:10D3200001098020CDF870B0C4E900ABC4E902B9AE
:10D33000C4F810B0A06194F83D000028504642D1D6
:10D3400084F83CB0F86803A940F00200F860F8687F
:10D3500000F0020003900398386840F00100386044
:10D36000386800F0010003900398502003900220D9
:10D37000CDE90400CDE906B04FF09040F5F7A2FFEB
:10D3800028684FF0FF32C0F3022080F00701042923
:10D3900028BF0421033802FA01F14FF0030238BF1D
:10D3A000584622EA010101FA00F04EF20B41000159
:10D3B000CEF2000188744EF200114FF00050CEF210
:10D3C000000108602068022184F83D1081684BF656
:10D3D000F872CFF6FE7211408160211DF9F706FD4B
:10D3E000206840F2011681688269036A41F00301F6
:10D3F00066F30F0223F0AA038160826103621BA916
:10D40000204684F8489084F83E9084F83F9084F851
:10D41000449084F8459084F83D90CDF86CB0CDF8F8
:10D4200074B0F6F76BFC20B1EFF3108072B600BE5B
:10D43000FEE700261BA81C211A96CDE91866CDE947
:10D440001666CDE91466F3F742FA03A83421F3F720
:10D450003EFA43F6986408F50060C2F200044FF407
:10D46000AA718022C4E900062046C4E90261C4E929
:10D470000466A261F6F7FDFC20B1EFF3108072B6EE
:10D4800000BEFEE72068016841F48051016041F26E
:10D490004E51C16294F83C20E160012A09D002217A
:10D4A00084F83D1001214161002084F83D1084F88A
:10D4B0003C004FF48050179043F69860C2F2000091
:10D4C00017A9F6F72FFE20B1EFF3108072B600BE59
:10D4D000FEE743F69864C2F200042046F7F760FDC9
:10D4E00020B1EFF3108072B600BEFEE794F83C0066
:10D4F000012804D1EFF3108072B600BEFEE70220CF
:10D5000084F83D0020684FF688728168CFF6CE72AD
:10D51000114006318160C168002621F04001C160E0
:10D52000C16821F48041C160012084F83D0014A944
:10D53000204684F83C60CDE914661696F6F7DEFBCB
:10D5400020B1EFF3108072B600BEFEE760201B90A2
:10D550004FF6F070CDE91C060820CDE91E0643F613
:10D560009860C2F200001BA90022CDE92066F7F7FF
:10D570003BFB20B1EFF3108072B600BEFEE7002641
:10D580000220CDE906064FF4005043F69864CDE939
:10D5900008064FF00070C2F200040DF10C09CDE94D
:10D5A0000C0620464946CDE903660596CDE90A6694
:10D5B000CDE90E66F6F73DFB20B1EFF3108072B6B1
:10D5C00000BEFEE72068F6F7CBFF09F11C0014212E
:10D5D0001896F3F77CF943F6D04008F5A051C2F253
:10D5E00000004FF6FF72C0E90016C0E90262C0E910
:10D5F00004668661F7F7D4FC20B1EFF3108072B6B1
:10D6000000BEFEE743F6D0400024C2F2000017A996
:10D6100017941994F6F772FB20B1EFF3108072B6ED
:10D6200000BEFEE76020CDE91B040220CDE91D0409
:10D6300043F6D0400DF16C09C2F2000049460022C9
:10D64000CDE91F442194F7F7CFFA20B1EFF3108012
:10D6500072B600BEFEE70DF10C0B58461421F3F72D
:10D6600036F943F6D0444FF40050C2F2000408905B
:10D6700000262046594609960F96F6F7DAFA20B1A9
:10D68000EFF3108072B600BEFEE72068F6F768FF81
:10D690000BF11C001421F3F71AF943F61C5008F59E
:10D6A000E051C2F20000FF22C0E90016C0E90262A8
:10D6B000C0E904668661F6F7DCFB20B1EFF3108069
:10D6C00072B600BEFEE743F61C50C2F20000F7F748
:10D6D00067FC20B1EFF3108072B600BEFEE7602059
:10D6E0001B9009F104001821F3F7F1F843F61C50E0
:10D6F000C2F20000494600220024F7F775FA20B173
:10D70000EFF3108072B600BEFEE703AE3046142180
:10D71000F3F7DDF84FF40050CDE908040F9443F619
:10D720001C54C2F2000420463146F6F782FA20B1BA
:10D73000EFF3108072B600BEFEE72068F6F710FF28
:10D740004FF00009CDE90799CDE90599386903AC97
:10D7500040F4807038613869032600F480701B90B3
:10D760001B98386840F002003860386800F002000A
:10D770001B901B981020039020460496F8F712FF88
:10D780004020CDE903062046CDF81C90F8F70AFFAB
:10D790004420C4F20200D0F8C817722262F30701D5
:10D7A000C0F8C81701684BF6EF72CFF6FF72114050
:10D7B00001600168732421F440510160016821F087
:10D7C00020010160016821F040010160016841F021
:10D7D00080010160016821F440710160016821F459
:10D7E0004061016040F61001C4F202010B6864F36D
:10D7F00007030B60416943F6E46411401031416155
:10D8000041694FF0FF3221F4405141614169C2F258
:10D81000000421F020014161416921F04001416192
:10D82000416941F080014161416921F440714161E8
:10D83000416921F4406141612868C0F3022080F011
:10D840000701042928BF0421033802FA01F138BF77
:10D85000484626EA010101FA00F04EF20B410001B0
:10D86000CEF2000181F834004EF200114FF000407A
:10D87000CEF20001486008F540604FF4E1310C221F
:10D8800084E8030204F118001421C4E903996261D9
:10D89000F3F71DF82046F7F7C3FE20B1EFF3108031
:10D8A00072B600BEFEE743F6E460C2F20000F7F78E
:10D8B000C0FC20B1EFF3108072B600BEFEE743F665
:10D8C000E464C2F200042046F7F78FFC20B1EFF3C6
:10D8D000108072B600BEFEE794F88400012804D1DF
:10D8E000EFF3108072B600BEFEE72420C4F8880073
:10D8F00020684FF461230168026821F0005122F092
:10D90000010202600022626601602020C4F88800E3
:10D9100043F60000C4F2000000F5805143F6787031
:10D92000C2F200000826C0E900134FF4004184F859
:10D930008420C0E90222C0E90426C0E90622C0E929
:10D94000082286628163F7F76BFE20B1EFF3108047
:10D9500072B600BEFEE743F67870C2F20000F7F739
:10D9600068FC20B1EFF3108072B600BEFEE743F60C
:10D970007874C2F200042046F7F737FC20B1EFF3C9
:10D98000108072B600BEFEE794F88400012804D12E
:10D99000EFF3108072B600BEFEE72420C4F88800C2
:10D9A000206800250168026821F0005122F0010280
:10D9B0000260656601602020C4F8880043F60060BC
:10D9C0000AF54061C2F2000080224FF6FF7384F82E
:10D9D0008450049580E82600C3608261F6F749FA16
:10D9E00020B1EFF3108072B600BEFEE743F6006090
:10D9F000C2F2000003A903950595F6F77FF920B15F
:10DA0000EFF3108072B600BEFEE742F20800CEF2DD
:10DA10000400016841F01001016000F0E9F8F868C5
:10DA200040F08050F860F86800F080500390039850
:10DA300057F8040C40F4805047F8040C57F8040CD5
:10DA400000F48050039003980120C3F2410006F0D7
:10DA50005FFD01282ED106F065FD42F2D81340F299
:10DA60002802C2F20003C2F200021878177959782E
:10DA700000F0280007F007073844187001F017007D
:10DA800046F214115870C0F60101002006F08CFC1B
:10DA900080B942F2D81440F22801C2F2000446F2E2
:10DAA0001C13C2F20001C0F601030020224606F05A
:10DAB00043FD00B1FEE76078012140F0080060708E
:10DAC0000020002406F098FC02200221002200F031
:10DAD00009F942F2C411C2F20001086047F2C170B4
:10DAE00040F20402C0F60000C2F2000200F014FA94
:10DAF00000286ED001200221002200F0F3F842F24B
:10DB0000E411C2F20001086042F2D410C2F2000037
:10DB100004604EF2BD0047F6A033C0F60000C0F628
:10DB200001030121002262B600F06CFA44F25811A0
:10DB3000C2F2000147F61C320860C0F601024FF441
:10DB40000070012100F0CEF842F2F841C2F200016B
:10DB500047F6AC520860C0F601022020012100F017
:10DB6000C1F844F65011C2F2000108604EF651406F
:10DB700047F6E852C0F60000C0F60102002100F0AE
:10DB8000CBF945F22461C2F2000108604CF2013089
:10DB900047F67C32C0F60000C0F60102002100F01A
:10DBA000BBF943F27051C2F2000108604EF63740F3
:10DBB00047F6C452C0F60000C0F60102002100F092
:10DBC000ABF945F2C411C2F20001086000F023F87D
:10DBD000FEE7FEE7EFF3058111B16FF00500704736
:10DBE00020B180B502F020F8002080BD00207047F1
:10DBF000EFF3058010B16FF00500704742F2E010BE
:10DC0000C2F200000168002911BF4FF0FF3001216E
:10DC100001600020704710B5EFF3058010B16FF080
:10DC2000050413E042F2E010C2F20000016801298D
:10DC30000AD14EF61F51CEF2000100240C700221D1
:10DC4000016002F0DBF801E04FF0FF34204610BD28
:10DC500010B582B01C46B0FA80F3B1FA81F25B09CC
:10DC60005209EFF3058CBCF1000F42EA030219D010
:10DC7000002C18BF0124224315D10022019201AAD1
:10DC800002F0E2FC012818D10198A0B14EF6045030
:10DC9000CEF200004FF080510160BFF34F8FBFF311
:10DCA0006F8F08E012B16FF003000FE0224602F020
:10DCB00007FC012804D1002008E06FF0020005E015
:10DCC0006FF00100002C08BF6FF0020002B010BD21
:10DCD00020B1EFF3058119B101F06EBE002070474D
:10DCE00001F056BE70B582B015464FF00004EFF358
:10DCF000058249B340B33ABBA5B1D5E90232EBB1D5
:10DD0000502A20D32A69F2B16E6901FB00F4A642C1
:10DD10004FF0000418D3009402F004FA064698B1BC
:10DD20002C6805E00022002402F0D2F9064658B122
:10DD30003046214601F040FF344605E01AB92A6911
:10DD40000AB96A691AB10024204602B070BD0022E7
:10DD5000002402F0BDF9E1E7B0B582B01C46B0FA8C
:10DD600080F3B1FA81F5EFF305825B096D09002AB2
:10DD700043EA05021BD0002C18BF0124224317D10F
:10DD80000022019201AA002302F034FB012820D1D5
:10DD9000019850B14EF60450CEF200004FF0805181
:10DDA0000160BFF34F8FBFF36F8F002513E012B1F7
:10DDB0006FF003050FE022460023002502F046FA2B
:10DDC000012808D06FF00105002C08BF6FF0020594
:10DDD00001E06FF00205284602B0B0BDB0B584B0D6
:10DDE00048B3B1F1FF3F26DD04464FF0FF3003900A
:10DDF000EFF3058018B300250DF1080C2046012231
:10DE000000230295CDF800C002F0A4FD03AB20462C
:10DE100000210022009502F09DFD0298D0B14EF63F
:10DE20000450CEF200004FF080510160BFF34F8FDD
:10DE3000BFF36F8F0EE06FF0030003900AE02046FF
:10DE40000122002302F00CFD03AB2046002100223A
:10DE500002F006FD039804B0B0BD00002DE9F04FBC
:10DE600083B00C46EFF3058129B16FF0050630460B
:10DE700003B0BDE8F08F054600283ED44FF0000BFC
:10DE80009246A00758BFAB4602F00BFE6FF00108A8
:10DE900004F00109544600260190BAF1000F08BFB2
:10DEA0006FF002080020594602AA234602F0B4FE91
:10DEB000074601280ED1029806EA050140EA01064C
:10DEC000B9F1000F06EA050006D1F0B9BAF1000F6A
:10DED00007D11AE046460DE0A84218BFBAF1000F7C
:10DEE0000ED002F0DEFD0199401A241A4FF0000016
:10DEF00038BF0446002FD5D1B9E76FF00306B6E767
:10DF0000A84218BF6FF00206B1E7002808BF6FF003
:10DF10000206ACE702F0ADBD2DE9F04184B08E46BB
:10DF200000240394EFF30581E0B3D9BB4FF0000464
:10DF300022B39369002B08BF1823382B31D81179ED
:10DF4000C9072ED15769D2E902864FEA970C1168AA
:10DF5000002F654608BF8025B8F1000F1DD05C2E4C
:10DF60001FD312690024EAB1E7B1CDE9003262465D
:10DF70007346CDF8088002F037FC14E080251823A2
:10DF8000002103AF0093AAB27346019702F0FEFB93
:10DF90000399012808BF0C4604E016B91269002A4B
:10DFA000EFD00024204604B0BDE8F08110B5EFF3B7
:10DFB000058111B16FF0050010BD044660B1204627
:10DFC000FEF754F9042804BF6FF0020010BD20468C
:10DFD00001F052FE002010BD6FF0030010BDEFF302
:10DFE000058010B16FF0050070474EF60450CEF278
:10DFF00000004FF080510160BFF34F8F0020BFF34E
:10E000006F8F70472DE9F04182B00D46044600281D
:10E010004FF00000EFF3058132D089BB08201E4687
:10E02000174600F0D4FD50B3002D8046046018BFA1
:10E03000012547608EB1D6E902713068D7B12C292D
:10E040001AD346F69171C0F60001009101212A46CB
:10E050004346019702F06EFF0AE0002046F69177F2
:10E06000C0F6000701212A464346009702F045FF0B
:10E0700030B901E00029F1D0404601F044FD002014
:10E0800002B0BDE8F0810A46EFF3058111B16FF0EF
:10E090000500704778B180B582B04FF0000C0421C4
:10E0A0000023CDF800C002F0A9FF013818BF6FF0BF
:10E0B000020002B080BD6FF003007047B0B542F2BD
:10E0C000F804C2F20004608B4BF2333188424BF209
:10E0D00032350AD3216A022907D3E0684908216250
:10E0E000FCF7F3FD608B40086083208BA8420AD9BF
:10E0F000E169022907D3A0684908E161FCF7E5FD61
:10E10000208B4008208344F25C15C2F20005A86B06
:10E1100080472C4654F8180F016820468847B7EE10
:10E12000001AB4EE410ABFEE002AF1EE10FAC8BFA1
:10E13000B0EE410AB4EE420AF1EE10FAC8BFB0EEFA
:10E14000402A54F8140CB5EE402AF1EE10FA4FEACA
:10E15000B00019DA042825D8DFE800F003374A5D5B
:10E1600070002868B0EEC22A006831EE421AC16A17
:10E17000013900EE101AB8EE400A21EE000ABCEE9A
:10E18000C00A80ED0D0A6BE0042800F27980DFE818
:10E1900000F0037D83898F0028680068C16A013917
:10E1A00041638AE02868B0EEC22A006831EE421A64
:10E1B000C16A013900EE101AB8EE400A21EE000AD9
:10E1C000BCEEC00A80ED130A4AE02868B0EEC22A0D
:10E1D000006831EE421AC16A013900EE101AB8EE39
:10E1E000400A21EE000ABCEEC00A80ED0E0A37E0BC
:10E1F0002868B0EEC22A006831EE421AC16A0139BD
:10E2000000EE101AB8EE400A21EE000ABCEEC00A79
:10E2100080ED0F0A24E02868B0EEC22A006831EED3
:10E22000421AC16A013900EE101AB8EE400A21EE16
:10E23000000ABCEEC00A80ED100A11E02868B0EEBA
:10E24000C22A006831EE421AC16A013900EE101A82
:10E25000B8EE400A21EE000ABCEEC00A80ED120AB8
:10E26000E8684FEAB000042844D8DFE800F003492A
:10E270004F555B00A8680068C16A01394163B0BDB1
:10E2800028680068C16A0139C16416E0286800681E
:10E29000C16A0139816310E028680068C16A0139E8
:10E2A000C1630AE028680068C16A0139016404E0BA
:10E2B00028680068C16A01398164E8684FEAB000E3
:10E2C000042835D8DFE800F003475A6D8000A868BD
:10E2D000B0EEC22A006831EE421AC16A013900EE7E
:10E2E000101AB8EE400A21EE000ABCEEC00A80ED1A
:10E2F0000D0AB0BDA8680068C16A0139C164B0BD2B
:10E30000A8680068C16A01398163B0BDA868006867
:10E31000C16A0139C163B0BDA8680068C16A01392A
:10E320000164B0BDA8680068C16A01398164B0BDEC
:10E33000A868B0EEC22A006831EE421AC16A0139FB
:10E3400000EE101AB8EE400A21EE000ABCEEC00A38
:10E3500080ED130AB0BDA868B0EEC22A006831EEA5
:10E36000421AC16A013900EE101AB8EE400A21EED5
:10E37000000ABCEEC00A80ED0E0AB0BDA868B0EE7F
:10E38000C22A006831EE421AC16A013900EE101A41
:10E39000B8EE400A21EE000ABCEEC00A80ED0F0A7A
:10E3A000B0BDA868B0EEC22A006831EE421AC16A58
:10E3B000013900EE101AB8EE400A21EE000ABCEE58
:10E3C000C00A80ED100AB0BDA868B0EEC22A00688D
:10E3D00031EE421AC16A013900EE101AB8EE400A55
:10E3E00021EE000ABCEEC00A80ED120AB0BDF0B505
:10E3F00081B00D4645F6DC5144F28C26C2F2000194
:10E40000C2F200060F6831680446081D01F0AEFA3A
:10E41000601C0BD155B13068011D45F6B450C2F2F5
:10E42000000001B0BDE8F04001F01BBB3068E4190A
:10E4300044600BD344F29820C2F2000000683168B7
:10E44000043101B0BDE8F04001F0EEBA44F294208E
:10E45000C2F2000000683168043101F0E5FA45F6C7
:10E460005050C2F2000001688C4238BF046001B015
:10E47000F0BD00002DE9F047044601F00BFB45F22A
:10E480003060C2F20000016844F28C270131016063
:10E49000C2F20007396845F6B05A44F2A026C2F22B
:10E4A000000AC2F2000651B1DAF8000000283ED19D
:10E4B0003868E16AC06A884298BF3C6037E03C60D7
:10E4C0000068012833D10025701901F09EFA143537
:10E4D000B5F58C6FF8D145F62458C2F200084046D5
:10E4E00001F093FA45F63859C2F20009484601F0A6
:10E4F0008CFA45F65C50C2F2000001F086FA45F64F
:10E50000C850C2F2000001F080FA45F6B450C2F2E1
:10E51000000001F07AFA44F29420C2F20000C0F840
:10E52000008044F29820C2F20000C0F8009045F24A
:10E530003C60C2F20000016801310160616445F293
:10E540004061C2F20001E06A0A68904288BF086038
:10E5500000EB800006EB8000211D01F082FA01F043
:10E56000BBFADAF8000078B13868E16AC06A88421C
:10E570000AD24EF60450CEF200004FF080510160F6
:10E58000BFF34F8FBFF36F8FBDE8F08770B582B0D8
:10E5900001F080FA45F6E056C2F20006306850BB42
:10E5A00045F6FC44C2F20004204601F02EFA45F67E
:10E5B0001055C2F20005284601F027FA44F29020D7
:10E5C000C2F20000046044F29C20C2F2000044F257
:10E5D000981244F2382305600025C2F20002C2F20C
:10E5E00000030A201021009501F09CFD306010B15D
:10E5F00003A101F0E1FA02B0BDE8704001F06CBA8D
:10E60000546D72510000000070B5866B036C0446B7
:10E61000DBB1154612B3E0681A46F2F7AFF8E168CD
:10E62000206C2268091A9142E16003D2A16840423D
:10E630000844E060A81EB0FA80F040093146002E80
:10E6400018BF01210840361A15E02068002598B946
:10E65000A06802F029FBA56005460DE060681A4637
:10E66000F2F78CF8216CD4E9010208449042606012
:10E6700001D3206860600025711C2846A16370BD2D
:10E6800010B5044690F85900022808BF10BD0128B3
:10E6900003D038B9206B01F036FA2046BDE81040AF
:10E6A00001F031BA4FF0300080F31188BFF36F8F63
:10E6B000BFF34F8FFEE7000045F2346544F2A02A15
:10E6C0004EF6045845F6C85745F23066C2F20005CA
:10E6D000C2F2000ACEF200084FF08059C2F20007E1
:10E6E000C2F20006286890B101F0D4F9F868C46855
:10E6F000201D01F03BF9306801383060286801388E
:10E70000286001F0E9F92046FFF7BAFFEAE7DAF8F6
:10E7100000000228E6D3C8F80090BFF34F8FBFF384
:10E720006F8FDFE72DE9F0470A9C8246206B164683
:10E730000F46DDE908599100A5229846F2F79DF8A9
:10E74000206B00EB8600A0F1040020F007067FB1EB
:10E7500004F13400002100BF7A5C42547A5C1AB1A3
:10E760000F2901F10101F7D1002084F8430002E0F4
:10E77000002084F834000027201D372D28BF3725BE
:10E78000E562C4E9135701F04BF904F1180001F0F8
:10E7900047F9C5F13800A061304651464246246130
:10E7A0006462676584F8587000F031FAB9F1000FBF
:10E7B000206018BFC9F80040BDE8F0872DE9F0439C
:10E7C00081B0D9B1DDE908941D4690460E46074652
:10E7D000FFF7DCFE201D2760C4E90665C4F8209021
:10E7E00001F01EF9B8F1000F05D094F8280040F0B0
:10E7F000040084F8280001B0BDE8F0834FF0300039
:10E8000080F31188BFF36F8FBFF34F8FFEE780B5A2
:10E810008C46014641F804CF9445006108D944F282
:10E8200090209A42C2F200000AD29C450DD207E025
:10E830008069D21A824208D244F29C20C2F20000BF
:10E84000006801F0F1F8002080BD012080BD0000CB
:10E8500008480068006880F308884FF0000080F3E3
:10E86000148862B661B6BFF34F8FBFF36F8F00DFBE
:10E8700000BF000008ED00E02DE9F04F81B08046B8
:10E8800002F00FF944F28829C2F20009D9F8001009
:10E890008246884238D244F29025C2F200052868A8
:10E8A000016841B34FF0000BC068C6680468371DAB
:10E8B000384601F05BF8316A3046884796F8280000
:10E8C000400714D5B0692044A04207D97060286879
:10E8D0003946366101F0A8F809E000BF3046002152
:10E8E00022460023CDF800B002F088FBA8B12868CA
:10E8F00001680029D8D144F29C21C2F200010A68C3
:10E90000086001202A6000E00020C8F8000050469E
:10E91000C9F800A001B0BDE8F08F4FF0300080F3DF
:10E920001188BFF36F8FBFF34F8F00BFFEE700006A
:10E9300081B00020009042F23C10C2F2000000685A
:10E940004FF0300181F31188BFF36F8FBFF34F8F0A
:10E95000013001D0FEE700BF00980028FCD001B0D4
:10E960007047000086B044F2902B45F6E057C2F2A3
:10E97000000B02ACC2F200074FF0000A01AD00BF6D
:10E98000DBF8000006681EB1C068D0F8008001E026
:10E990004FF0000801F084FA2046FFF76DFF02995E
:10E9A00011B102F011FAB1E08146B6B1C84514D8F0
:10E9B00002F00AFADBF800005E46C068D0F80CB03E
:10E9C0000BF1040000F0D2FF9BF82800410707D4A8
:10E9D00000F0FE008BF8280017E0E6B1002223E0EB
:10E9E000DBF818004A4600EB080158464346FFF79B
:10E9F0000EFF50B15846002142460023CDF800A03A
:10EA000002F0FCFA002800F09E80DBF82010584647
:10EA10008847B3467AE044F29C20C2F200000068C6
:10EA20000068B0FA80F042093868A8EB090101F0EB
:10EA3000D7F802F0C9F9002868D14EF60450CEF29A
:10EA400000004FF080510160BFF34F8FBFF36F8F15
:10EA50005CE000BF0298B0F1FF3F06DCDDE9032077
:10EA6000059990470298002850D4049E706910B10F
:10EA7000301D00F07BFF2846FFF7FEFE02990929B2
:10EA800044D80246DFE801F0050505252C3B0505C5
:10EA9000252C96F82800039BB16940F0010086F808
:10EAA000280019443046FFF7B2FE78B3316A304689
:10EAB000884796F82800400728D50398B1690023B5
:10EAC0000A1830460021CDF800A002F097FAE8B904
:10EAD0002FE096F8280000F0FE0086F8280015E0E8
:10EAE00096F8280040F00101039886F82810B061DC
:10EAF000A8B1811830461346FFF789FE06E096F864
:10EB000028008107E7D4304600F0FDFF3868214631
:10EB1000002201F0D5FC00287FF49CAF30E74FF0D5
:10EB2000300080F31188BFF36F8FBFF34F8F00BFAA
:10EB3000FEE74FF0300080F31188BFF36F8FBFF313
:10EB40004F8F00BFFEE74FF0300080F31188BFF316
:10EB50006F8FBFF34F8F00BFFEE70000F0B581B0AD
:10EB6000044600F097FF94F94560012E0EDB04F196
:10EB7000240500BF286848B1284602F0DDF808B136
:10EB800001F0F8F870B2013E0128F3DCFF2684F8AA
:10EB9000456000F0A1FF00F07DFF94F94470012F63
:10EBA0000EDB04F1100500BF286848B1284602F0CA
:10EBB000C3F808B101F0DEF878B2013F0128F3DCB8
:10EBC00084F8446001B0BDE8F04000F085BF10B5A6
:10EBD000044601F065F92046F1F7DCFB044602F03B
:10EBE000F3F8204610BD000010B538B1044600F01F
:10EBF00051FFE46900F070FF204610BD4FF0300077
:10EC000080F31188BFF36F8FBFF34F8FFEE703468A
:10EC10004EF63110C0F600004FF0807C21F001016B
:10EC200003E903106FF0020043F8240CA3F1440041
:10EC300043F8202C704780B5012001214FF0FF32AE
:10EC4000FFF70CF9FFF766F9BDE88040FFF7AEB9B2
:10EC50009AB042F2F840C2F20000016842F2F800B5
:10EC6000C2F20000806840F28408C2F20008C8F8CE
:10EC7000841078B190F83A1005290BD090F83A102A
:10EC8000012907D101680A6842F001020A600421E3
:10EC900080F83A1042F2F800C2F20000C06878B181
:10ECA00090F83A1005290BD090F83A10012907D1B5
:10ECB00001680A6842F001020A60042180F83A10F3
:10ECC00042F2F804C2F20004206804F11001F3F7E4
:10ECD000F3FE606804F11601F3F7EEFE42F2FC4029
:10ECE000C2F2000041686FF001030A68136191F8F5
:10ECF0003E6091F83F7091F8443091F84520012E24
:10ED000008BF012F22D1012B20D1012A1ED10222BE
:10ED100081F83E2081F83F2081F8442081F8452089
:10ED200009680A6A22F001020A620A6A42F00102D4
:10ED30000A620A6A22F010020A620A6A42F01002AB
:10ED40000A620A6842F001020A604168086844F2F7
:10ED50005C14C168C2F2000441F00101C160616845
:10ED60004FEAB10004280AD8DFE800F0030F151BB2
:10ED7000210020680268D36A013B53631CE02068CD
:10ED80000268D36A013BD36416E020680268D36A44
:10ED9000013B936310E020680268D36A013BD363B0
:10EDA0000AE020680268D36A013B136404E020682B
:10EDB0000268D36A013B9364E2684FEAB202042A14
:10EDC0000AD8DFE802F0030F151B2100A2681268C1
:10EDD000D36A013B53631CE0A2681268D36A013B0B
:10EDE000D36416E0A2681268D36A013B936310E013
:10EDF000A2681268D36A013BD3630AE0A268126872
:10EE0000D36A013B136404E0A2681268D36A013B31
:10EE10009364F6F73BF9D4E90201F6F737F9D4E940
:10EE20000001F4F7BCFFD4E90201F4F7B8FF206851
:10EE300001684A6C42F400424A640A6842F00102E6
:10EE40000A60F5F7EAF82069A18A8161002047F697
:10EE50000B51C4F2A000C0F60101E062FDF774F8A6
:10EE600040F27C00C2F2000090ED000A9FEDC41A4F
:10EE7000B8EE400A80EE010A10EE100A06F08EFF8E
:10EE80000B460FF658210246FDF75EF845F2C41016
:10EE9000C2F2000000680121FEF7A0FF0FF6542126
:10EEA0000246FDF7ABF844F25810C2F200000068C9
:10EEB0003221FFF7E8F80FF678210FF67C220028C0
:10EEC00008BF0A460FF678210346FDF797F844F28B
:10EED0000077C2F2000738684AF6AB210790006855
:10EEE000CAF6AA21C06A0130A0FB01014808A7F8B0
:10EEF000D40121F00100A7F8D60107F5DC701B2131
:10EF0000F1F7E5FC97ED760A07F1080C4FF0000EDB
:10EF10000AACCDF820C000BF0EEB4E00384400F51F
:10EF2000DC7B0023614600BF9BF801509BF800008A
:10EF300001EE105AB8EE411A20EE011ABDEEC11AC8
:10EF400011EE105A01EE100AB8EE411A9BF8026059
:10EF500020EE011ABDEEC11A11EE100A01EE106A80
:10EF6000B8EE411A20EE011ABDEEC11A11EE106A78
:10EF70008DF828008DF829508DF82A60E05C4FF05C
:10EF8000000900BF00FA09FA07F5EB765FEA0A62AA
:10EF9000324607F5EA7558BF2A46128821F819202B
:10EFA00009F10109B9F1080FECD10133032B01F18B
:10EFB0001001B9D10EF1010EBEF1090F0CF1300CA8
:10EFC000AAD179680798F5F741FC4FF01030C7F8DF
:10EFD000C201C7F8BE014FF61070CFF60070C7F837
:10EFE000C6014FF64070C4F2000097ED760A089B08
:10EFF000C7F8CA014FF0FF104FF0000CC7F8CE0160
:10F0000087F8D2C10CEB4C00384400F5DC7E4FF0A1
:10F01000000B08939EF801109EF8000001EE101AF4
:10F02000B8EE411A20EE011ABDEEC11A11EE10AA77
:10F0300001EE100AB8EE411A9EF8029020EE011A75
:10F04000BDEEC11A11EE100A01EE109AB8EE411A87
:10F0500020EE011ABDEEC11A11EE101A8DF828002B
:10F060008DF829A08DF82A1014F80B00002100BF9C
:10F0700000FA01F21206324658BF2A46128823F8D7
:10F08000112001310829F3D10BF1010BBBF1030F62
:10F0900003F11003BED1089B0CF1010CBCF1090F68
:10F0A00003F13003AED1D7E90001F5F7CFFB44F20D
:10F0B00008170020C2F20007C4F2A01000217861F6
:10F0C0000020C4F2A811C4F2A000C7E9060147F667
:10F0D000B031C0F60101FCF755FFB879002847D0E0
:10F0E00007F11401002091EC030A0A9009900AA884
:10F0F00009A9FCF7F9F8002848D0786906F04EFE17
:10F10000054609980E4606F049FE41EC100B47F6FD
:10F110008E41C0F601012A4633468DED000BFCF707
:10F1200031FF0A9DB86850F825102846FBF72CFFE0
:10F13000B86897ED050A50F8256029463046FCF777
:10F1400047F801463878B20F05F078FA47F60741DC
:10F1500047F6FE32C0F60101C0F60102002808BFE2
:10F160000A4647F6DB31C0F60101FCF70BFF13E05E
:10F1700047F65741C0F60101FCF704FF0CE000BF61
:10F18000002474498400043A0000803D47F6C231EF
:10F19000C0F60101FCF714FF40F280004CF6CD41AF
:10F1A000C2F20000C3F64C610160FCF7B5F942F20F
:10F1B0009420C2F200000026066042F28C2147F63D
:10F1C0004C00C2F20001C0F60100086042F290213A
:10F1D000C2F2000101220A70FCF7D2F943F61C507A
:10F1E000C2F20000F4F719FF43F60060C2F200001B
:10F1F000F4F751FF42F2D405C2F2000595ED080A7A
:10F200002846FBF7FDFDD5E90201F5F76FFA284620
:10F210000121FBF758FE0520FEF7DCFC28463621CD
:10F220008DF82860FBF74FFE38B142F2D400C2F2ED
:10F2300000000AA90122FBF729FE55208DF82800BD
:10F2400042F2D400C2F200003A21FBF73CFE38B192
:10F2500042F2D400C2F200000AA90122FBF716FE16
:10F2600040F60C40C3F200300A9033208DF82C0099
:10F2700042F2D400C2F20000B221FBF724FE38B102
:10F2800042F2D400C2F200000AA90522FBF7FEFDFB
:10F2900035208DF8280042F2D400C2F20000B721D8
:10F2A000FBF711FE38B142F2D400C2F200000AA905
:10F2B0000122FBF7EBFD19208DF8280042F2D40063
:10F2C000C2F20000BB21FBF7FEFD38B142F2D400D0
:10F2D000C2F200000AA90122FBF7D8FD2C208DF80C
:10F2E000280042F2D400C2F20000C021FBF7EBFD7F
:10F2F00038B142F2D400C2F200000AA90122FBF7A1
:10F30000C5FD4FF60170ADF8280042F2D400C2F2FC
:10F310000000C221FBF7D7FD38B142F2D400C2F29F
:10F3200000000AA90222FBF7B1FD12208DF8280087
:10F3300042F2D400C2F20000C321FBF7C4FD38B191
:10F3400042F2D400C2F200000AA90122FBF79EFD9E
:10F3500020208DF8280042F2D400C2F20000C4211F
:10F36000FBF7B1FD38B142F2D400C2F200000AA9A5
:10F370000122FBF78BFD0F208DF8280042F2D4000C
:10F38000C2F20000C621FBF79EFD38B142F2D40064
:10F39000C2F200000AA90122FBF778FD4AF2A4108C
:10F3A000ADF8280042F2D400C2F20000D021FBF7F1
:10F3B0008AFD38B142F2D400C2F200000AA902224A
:10F3C000FBF764FD40F2D040C1F2D0100A9042F643
:10F3D0001330C5F23F400B9041F64C00C0F60D30A3
:10F3E0000C9042F21F30ADF8340042F2D400C2F269
:10F3F0000000E021FBF767FD38B142F2D400C2F211
:10F4000000000AA90E22FBF741FD40F2D040C1F2F4
:10F410000C100A9042F61340C4F23F400B9042F6A3
:10F420005170C1F615700C9042F22030ADF83400E6
:10F4300042F2D400C2F20000E121FBF744FD38B1F2
:10F4400042F2D400C2F200000AA90E22FBF71EFD10
:10F4500042F2D405C2F2000528462121FBF733FD14
:10F4600028461121FBF72FFD7820FEF7B3FB284635
:10F470002921FBF728FD43F27050C2F2000000681A
:10F480000121FEF7ABFC47F65051C0F601010246E0
:10F49000FCF7B4FD42F62C40C4F20100026847F6C6
:10F4A0009851C0F60101FCF76DFD1FEDCA8A42F2CA
:10F4B0001C1647F299191FEDCC9AC2F200064FF0C4
:10F4C000000BC0F6000900BF42F2F807C2F20007C5
:10F4D000788A4D4600EE100AB8EE400A20EE080A7F
:10F4E00010EE100A06F05AFC8246B88A894600EEF1
:10F4F000100AB8EE400A20EE080A10EE100A06F0D4
:10F500004DFC3A8A41EC1A0B00EE102AB8EE400A84
:10F5100020EE080A10EE100A06F040FCFA8A41ECD0
:10F520001B0B00EE102AB8EE400A20EE080A10EE7F
:10F53000100A06F033FC41EC100B47F6C241C0F64E
:10F54000010152464B468DEC04AB8DED040BFCF7EC
:10F5500019FDF068052800F23681DFE800F0031598
:10F56000506773AB45F22860C2F200000068716911
:10F57000401AFB28C0F0278145F22860C2F2000043
:10F580000068706101201DE145F2286086F81CB01A
:10F59000C2F200000068C6F818B0306130683279F5
:10F5A00090F84110202940F0F28001688B691B041B
:10F5B00000F1ED8090F84030012B00F0E88021232D
:10F5C00080F84130102380F8423006F11C03C0F867
:10F5D00044B04362012343850023CFF6FF73C36227
:10F5E00046F24703C0F600034363438DB3F5807FC3
:10F5F000C0F0A780FF2303854FF0807CA8E0B069AE
:10F60000022871D0012874D0002840F0DC8045F237
:10F610002860C2F2000000683169401A6528C0F015
:10F62000D28047F62F51C0F6010158E045F228601C
:10F63000C2F2000000683169401A0B2824BF042080
:10F64000F060C0E045F2286086F81CB0C2F200000D
:10F650000068C6F818B030613068327990F841100F
:10F66000202940F0AE8001688B691B0400F1A9805D
:10F6700090F84030012B00F0A480222380F8413024
:10F68000102380F8423006F11C03C0F844B04362F6
:10F69000022343850023CFF6FF73C36246F247037C
:10F6A000C0F600034363438DFF2B72D94FF0807384
:10F6B000FF2771E0B069022824D001282BD0002850
:10F6C00040F0818045F22860C2F200000068316994
:10F6D000401A652877D347F61B51C0F60101C6F8DA
:10F6E0000CB0FCF76DFC6EE047F63741C0F6010147
:10F6F0000CE045F22860C2F2000000680321C6E970
:10F70000031060E047F62441C0F60101FCF758FC05
:10F71000C6F80CB057E0307F717F020212B241EAA6
:10F720000020C2F3C361084400B2001100EE100AC9
:10F73000B8EEC00A20EE090AC6F80CB086ED020A3F
:10F7400041E0438D002B038500F0C5804FF0007C25
:10F7500006F11D07C1F828B04762478D013F478574
:10F760005F1EDBB242EA0342078542EA0C024B68A5
:10F7700049F60007CFF600473B401A4342F40052D7
:10F780004A6080F840B0086840F0F200086002204B
:10F7900018E0478D4FF000730785FFB242EA074239
:10F7A0004F681A4349F60003CFF600433B401A4323
:10F7B00042F410524A6080F840B0086840F0F4000B
:10F7C00008600520F06042F23820C2F20000FBF72A
:10F7D0005DFE42F25420C2F20000FBF757FE42F2F7
:10F7E0007020C2F20000FBF751FE20464021F1F7E5
:10F7F0006EF847F2451AA9462125C0F6000A00BF57
:10F80000D8F88400FEF764FA002861D0002700BF12
:10F81000D8F88400E11900220023FEF719FA28B96C
:10F820000137402FF4D1402702E000BF002FE7D07E
:10F83000FEF770FBD8F88010C8F88800D1F888006F
:10F84000202833D1380431D00C65A1F85470A1F8C8
:10F850005670C1F890B0C1F888504A6E8868B2F10D
:10F86000005F12D1B0F5805F01D1086928B3484626
:10F87000886700BF086850E8020F0A6840F400007B
:10F8800042E80203002BF5D110E0B0F5805F01D112
:10F890000869B8B150468867086850E8000F0A68E0
:10F8A00040F0800042E80003002BF5D10120002148
:10F8B0004FF0FF32FEF7D2FAA2E747F2D100C0F6CE
:10F8C0000000D5E747F27900C0F60000E3E700BF8B
:10F8D000FEF785FBF8E502F1007248E7537973748F
:10F8E000656D20436C6F636B20467265713A20250D
:10F8F0006600000053656E64207573625F74687201
:10F900006561645F7369676E616C5F72656164797C
:10F9100020746F207573625F7468726561642C2057
:10F92000726573756C742069732025750000000082
:10F9300073756363656564006661696C6564000086
:10F94000537461727420706F7765725F636F6E7449
:10F95000726F6C5F74696D65722C202573207769F6
:10F96000746820636F64652025642E00D0E901323D
:10F9700001699A60D1F804C082688445536008BF69
:10F980004A60002202610868013808600868704710
:10F9900010B538B1044600F07DF8A46B00F09CF877
:10F9A000204610BD4FF0300080F31188BFF36F8FF9
:10F9B000BFF34F8FFEE7000008B1806B70474FF038
:10F9C000300080F31188BFF36F8FBFF34F8F00BFFC
:10F9D000FEE745F64403C2F20003036045F24460CB
:10F9E000C2F20000086080201060704745F6A04316
:10F9F000C2F20003036045F6A000C2F200000860F6
:10FA00004FF480701060704700BE4FF0FF31024627
:10FA100042F8081F00214260C0E9032201607047DC
:10FA2000002101617047000080B5D1F800C01CF1D1
:10FA3000010207D000F10802964652681368634538
:10FA4000FAD903E0D0F810E0DEF804204A609160B3
:10FA5000C1F808E0CEF804100861016801310160C6
:10FA600080BDD0F800C0436808619A684B608A6026
:10FA70009A68996051600CF10101016070470000C3
:10FA8000DFF80C00016841F470010160704700006C
:10FA900088ED00E04FF0300080F31188BFF36F8FE6
:10FAA000BFF34F8F42F23C10C2F2000001684A1CC3
:10FAB000026001B170474EF60450CEF200000068BB
:10FAC0000006F7D04FF0300080F31188BFF36F8F3E
:10FAD000BFF34F8FFEE7000042F23C10C2F200007D
:10FAE000016839B10139016018BF7047002080F307
:10FAF000118870474FF0300080F31188BFF36F8F8B
:10FB0000BFF34F8FFEE750B110B5044600F0C8F9BF
:10FB10002046F0F76EFCBDE8104001F055B9704783
:10FB20004EF21000CEF2000000210160816040F230
:10FB30007C01C2F20001096844F6D352C1F26202AC
:10FB4000A1FB02124FF0FF3101EB9211416007213E
:10FB500001607047EFF30580102814D34EF2F031A6
:10FB6000CEF20001405C44F6DD01C2F200010978EA
:10FB7000884208D24FF0300080F31188BFF36F8FB6
:10FB8000BFF34F8FFEE74EF60C50CEF2000044F666
:10FB900064110068C2F20001096800F4E060884264
:10FBA00098BF70474FF0300080F31188BFF36F8F1C
:10FBB000BFF34F8FFEE7000045F6705C0022C2F2F3
:10FBC000000C00BF5CF8323023B10132082A08BFB4
:10FBD0007047F7E70CEBC2034CF8321058607047DF
:10FBE00070B515460E460446FFF754FF94F84400DE
:10FBF000FF2804BF002084F8440094F84500FF2843
:10FC000004BF002084F84500FFF766FFA06B28B909
:10FC100004F1240031462A4600F0D0F82046BDE821
:10FC20007040FEF79BBF000080B5C0B145F238615F
:10FC3000C2F200010A6842B14FF0300080F311882F
:10FC4000BFF36F8FBFF34F8FFEE70A6801320A6080
:10FC50000021FEF7CCFB01F0B7F800B180BD4EF6F5
:10FC60000450CEF200004FF080510160BFF34F8F7F
:10FC7000BFF36F8F80BD000070B50446FFF70AFF29
:10FC800044F28C26C2F2000604B93468251D2846C9
:10FC9000FFF76CFEA06A18B104F11800FFF766FECA
:10FCA00045F23C60C2F20000016801310160306839
:10FCB000844215D045F23060C2F20000016801397B
:10FCC00001602046FEF7DCFC44F29420C2F2000002
:10FCD0000168096899B10068C068C068406810E0B0
:10FCE00045F6C850C2F200002946FFF7BAFE45F2B9
:10FCF0003460C2F2000001680131016006E04FF09B
:10FD0000FF3045F65051C2F200010860FFF7E4FEF3
:10FD100045F6B050C2F20000006810B1306884426D
:10FD200000D070BD45F23860C2F20000006840B1FA
:10FD30004FF0300080F31188BFF36F8FBFF34F8F08
:10FD4000FEE74EF60450CEF200004FF08051016005
:10FD5000BFF34F8FBFF36F8F70BD45F65451C2F2A2
:10FD600000010968016045F6DC51C2F20001096832
:10FD70004160704745F6E850C2F200000121016081
:10FD80007047000010B570B10C4644F28C21C2F2ED
:10FD9000000109681831FFF747FE20460121BDE840
:10FDA0001040FEF724BB4FF0300080F31188BFF302
:10FDB0006F8FBFF34F8F00BFFEE70000B0B598B163
:10FDC0000D4644F28C21C2F2000109681446183134
:10FDD000FFF747FE002C18BF4FF0FF35284621469D
:10FDE000BDE8B040FEF703BB4FF0300080F3118850
:10FDF000BFF36F8FBFF34F8FFEE70000B0B586B043
:10FE0000002505A804A903AACDE90455FFF7E1FDE3
:10FE1000DDE90320059CCDE900504EF2B960C0F643
:10FE200000001DA10023029400F0DEFC45F64C51B9
:10FE3000C2F20001086010B301F0A6F8411C20D006
:10FE400001281CD14FF0300080F31188BFF36F8F71
:10FE5000BFF34F8F45F65050C2F200004FF0FF3114
:10FE6000016045F6B050C2F200000121016045F684
:10FE7000DC50C2F200000021016000F07DF806B005
:10FE8000B0BD4FF0300080F31188BFF36F8FBFF328
:10FE90004F8F00BFFEE700BF49444C450000000003
:10FEA00045F23860C2F2000001680131016070471C
:10FEB00010B545F23860C2F20000006830B145F676
:10FEC000E850C2F200000121016010BD45F6E85083
:10FED000C2F20000002144F28C240160C2F200044E
:10FEE0002068006B0168B1F1A53F0BD14168B1F109
:10FEF000A53F07D18168B1F1A53F03D1C068B0F13A
:10FF0000A53F04D0206821683431FFF77DFD45F21C
:10FF1000406CC2F2000CDCF8001044F2A02201EBAD
:10FF20008103C2F2000252F8230048B902EB8300B9
:10FF3000A0F11403B1B153F8140901390028F9D024
:10FF400001EB810002EB800353F8040F4268181D97
:10FF500082421A6001D152681A60D0682060CCF8E1
:10FF6000001010BD4FF0300080F31188BFF36F8F89
:10FF7000BFF34F8FFEE70000B0B584B04EF60050DF
:10FF8000CEF200004CF27021C4F20F1102684B1C3B
:10FF90009A4208D14FF0300080F31188BFF36F8F81
:10FFA000BFF34F8FFEE702688A4208D14FF030005E
:10FFB00080F31188BFF36F8FBFF34F8FFEE74FF2CF
:10FFC000007CCFF6FF7C10F80C2044F6DD03029293
:10FFD000FF2200F80C2010F80C20C2F200038DF86C
:10FFE00007209DF8072002F030021A7044F66412D0
:10FFF000C2F20002072313609DF90730B3F1FF3FFF
:020000040801F1
:1000000046DC062313609DF80710013B49008DF87C
:1000100007109DF907100029F4D4022B38D14FF4B2
:1000200040711160029900F80C10016A41F47001EE
:100030000162016A41F070410162FFF771FD42F215
:100040003C14C2F2000400252560FFF719FD4EF6AE
:100050003470CEF20000016841F040410160FEF7CB
:10006000F7FBFFF725FF039520684FF0300181F380
:100070001188BFF36F8FBFF34F8F013002D000BFE5
:10008000FEE700BF03980028FCD0002004B0B0BDFC
:100090004FF0300080F31188BFF36F8FBFF34F8FA5
:1000A000FEE780B54FF0300080F31188BFF36F8F0B
:1000B000BFF34F8F00F0FCFC30B14EF60450CEF28F
:1000C00000004FF080510160002080F3118880BD56
:1000D000F0B581B0D8B105464843503014460E46BD
:1000E000FEF775FD074678B1002087F846003846D0
:1000F000002E18BF5030386038460121C7E90F562E
:1001000000F064F887F84C40384601B0F0BD4FF07D
:10011000300080F31188BFF36F8FBFF34F8F00BFA4
:10012000FEE70000B0B582B068B11C46ABB1F1B9D2
:10013000EAB14FF0300080F31188BFF36F8FBFF347
:100140004F8F00BFFEE74FF0300080F31188BFF300
:100150006F8FBFF34F8F00BFFEE74FF0300080F38B
:100160001188BFF36F8FBFF34F8F00BFFEE751B110
:100170004AB94FF0300080F31188BFF36F8FBFF39F
:100180004F8F00BFFEE750230193019B502B13D1EB
:10019000019B0123069D84F84630002908BF2246B2
:1001A000C4E90F0120460121226000F00FF820462B
:1001B00084F84C5002B0B0BD4FF0300080F311888D
:1001C000BFF36F8FBFF34F8FFEE7000070B5F8B13C
:1001D00004460E46FFF75EFC2068D4E90F120025A6
:1001E00002FB0103013901FB0201A563C4E901031C
:1001F000FF20E16084F8440084F8450004F1100019
:100200007EB1FFF702FC04F12400FFF7FEFB18E0CB
:100210004FF0300080F31188BFF36F8FBFF34F8F23
:10022000FEE7016869B100F087FD50B14EF6045059
:10023000CEF200004FF080510160BFF34F8FBFF34B
:100240006F8FFFF749FC012070BD00002DE9F04FD2
:1002500083B00292B8B11D4617460E460446E1B17E
:10026000022D03D1E06B012840F09D8000F007FCD7
:10027000F8B9F7B14FF0300080F31188BFF36F8FFA
:10028000BFF34F8FFEE74FF0300080F31188BFF3CC
:100290006F8FBFF34F8F00BFFEE7206C0028DFD0C9
:1002A0004FF0300080F31188BFF36F8FBFF34F8F93
:1002B000FEE7FFF7EFFBA06B022D5CD0E16B8842FD
:1002C00059D304F1100801206F460DF1080900BF51
:1002D0000299002900F08180C00702D03846FFF75C
:1002E0003CFDFFF7F9FBFFF7DBFDFFF7D3FB94F8CD
:1002F0004400FF2804BF002084F8440094F845001F
:10030000FF2804BF002084F84500FFF7E5FB3846CE
:10031000494600F0F7F9002862D1FFF7BBFBD4F89B
:1003200038A0D4F83CB0FFF7D7FBDA4516D10299D4
:100330004046FFF727FD2046FEF710FC00F044FD85
:1003400088B94EF60450CEF200004FF080510160A3
:10035000BFF34F8FBFF36F8F05E000BF2046FEF75E
:10036000FDFB00F031FDFFF795FBA06BE16B8842D0
:100370004FF00000ACD2204631462A46FEF744F941
:1003800054F8241FC9B1204600F0D6FC08B34EF63D
:100390000450CEF200004FF080510160BFF34F8F48
:1003A000BFF36F8F15E04FF0300080F31188BFF37B
:1003B0006F8FBFF34F8F00BFFEE750B14EF6045072
:1003C000CEF200004FF080510160BFF34F8FBFF3BA
:1003D0006F8FFFF781FB012008E0FFF77DFB04E052
:1003E0002046FEF7BBFB00F0EFFC002003B0BDE8A9
:1003F000F08F00002DE9F04381B0E8B11E46914630
:1004000005460F4609B3022E02D1E86B012844D1FC
:10041000FFF7A0FBEFF311884FF0300080F3118855
:10042000BFF36F8FBFF34F8FA86B022E19D0E96B0C
:10043000884216D300203EE04FF0300080F3118850
:10044000BFF36F8FBFF34F8FFEE7286C0028DAD021
:100450004FF0300080F31188BFF36F8FBFF34F8FE1
:10046000FEE795F84540A86B284639463246FEF728
:10047000CBF8FF2C1BD155F8240FD8B1284600F03B
:100480005BFC0146B9F1000F4FF0010018BF0029D5
:1004900011D00120C9F800000DE04FF0300080F3CA
:1004A0001188BFF36F8FBFF34F8F00BFFEE7601C53
:1004B00085F84500012088F3118801B0BDE8F0837C
:1004C0002DE9F04F83B0029288B116460D460446DE
:1004D000002946D000F0D3FA98B996B14FF0300019
:1004E00080F31188BFF36F8FBFF34F8FFEE74FF09C
:1004F000300080F31188BFF36F8FBFF34F8F00BFC1
:10050000FEE7FFF7C7FAD4F838A0BAF1000F34D0ED
:10051000226C52B1D4E902308118E160994224BFC3
:100520002168E1602846F0F729F9AAF10100A063EB
:1005300054F8100F70B1204600F0FEFB50B14EF69B
:100540000450CEF200004FF080510160BFF34F8F96
:10055000BFF36F8F0124FFF7BFFA204603B0BDE859
:10056000F08F206C0028B5D04FF0300080F3118858
:10057000BFF36F8FBFF34F8FFEE704F12408012014
:100580006F464FF000090DF1080B00BF02990029DA
:1005900055D0C00702D03846FFF7DFFBFFF79CFAC3
:1005A000FFF77EFCFFF776FA94F84400FF2808BFB7
:1005B00084F8449094F84500FF2808BF84F84590DB
:1005C000FFF78AFA3846594600F09CF860B1204699
:1005D000FEF7C4FA00F0F8FBFFF75CFAA66BFFF732
:1005E0007BFA1EBB2DE000BFFFF754FAA66BFFF7A6
:1005F00073FA2EB12046FEF7B1FA00F0E5FB15E0E4
:1006000002994046FFF7BEFB2046FEF7A7FA00F02E
:10061000DBFB58B94EF60450CEF200004FF080518B
:100620000160BFF34F8FBFF36F8F00BFFFF732FA48
:10063000D4F838A00020BAF1000FA7D068E7002452
:1006400089E7002489E700002DE9F04381B0C0B3B9
:10065000914605460E4600293DD0FFF77BFAEFF3A1
:1006600011884FF0300080F31188BFF36F8FBFF314
:100670004F8FAC6B002C3AD095F844702A6C52B175
:10068000D5E902308118E960994224BF2968E96000
:100690003046F0F773F8601EFF2FA86329D155F894
:1006A000100F48B3284600F047FB0146B9F1000F90
:1006B0004FF0010018BF00291FD00120C9F8000029
:1006C0001BE04FF0300080F31188BFF36F8FBFF352
:1006D0004F8F00BFFEE7286C0028BED04FF03000DF
:1006E00080F31188BFF36F8FBFF34F8FFEE70020B9
:1006F00003E0781C85F84400012088F3118801B0DC
:10070000BDE8F08370B530B30D4671B30446FFF712
:10071000C1F945F6DC5EC2F2000EDEF80020296861
:100720004B1C16D045F6545CC2F2000CD4E9000311
:10073000DCF80060864201D09A4222D2D21A91425D
:100740001DD9881A2860DCF800002060DEF800005F
:100750006060002416E04FF0300080F31188BFF392
:100760006F8FBFF34F8F00BFFEE74FF0300080F375
:100770001188BFF36F8FBFF34F8F00BFFEE70020DC
:1007800028600124FFF7A8F9204670BD2DE9F04349
:1007900083B007469000984615468946FEF717FA3B
:1007A000E0B106465C20FEF712FAA0B10446DDE98E
:1007B0000A100022266384F85920CDE9001038463B
:1007C00049462A4643460294FDF7ACFF2046FDF712
:1007D00051FE012004E03046FFF795F94FF0FF305D
:1007E00003B0BDE8F083000070B586B00B9CCCB1BF
:1007F0000C9E06B35C250495049D5C2D25D1049DBB
:10080000DDF828C0022586F8595005AD3463CDE9DE
:1008100000C50296FDF786FF3046FDF72BFE0598D2
:1008200006B070BD4FF0300080F31188BFF36F8FBA
:10083000BFF34F8FFEE74FF0300080F31188BFF316
:100840006F8FBFF34F8F00BFFEE74FF0300080F394
:100850001188BFF36F8FBFF34F8F00BFFEE700001B
:10086000F0B581B0B8B11F46164604460D46FFF7F5
:1008700011F90FB1606D386094F858000221042E10
:1008800084F8581011D8DFE806F025031C24200056
:10089000616D294317E04FF0300080F31188BFF3FA
:1008A0006F8FBFF34F8F00BFFEE7616D013111D035
:1008B0004FF0300080F31188BFF36F8FBFF34F8F7D
:1008C000FEE7616D0131616504E0022801D1002479
:1008D0003AE06565012836D1251D2846FFF746F820
:1008E00045F24061C2F20001E06A0A68904288BFA6
:1008F000086044F2A02100EB8000C2F2000101EB8D
:1009000080002946FFF7ADF8A06A40B14FF03000F3
:1009100080F31188BFF36F8FBFF34F8FFEE744F270
:100920008C21C2F20001E06A0968C96A88420AD9CA
:100930004EF60450CEF200004FF080510160BFF33C
:100940004F8FBFF36F8F0124FFF7C6F8204601B029
:10095000F0BD00002DE9F04108B31F4616460446DD
:100960000D46FFF7F7F8EFF311884FF0300080F3F2
:100970001188BFF36F8FBFF34F8F0FB1606D386079
:1009800094F858000221042E84F8581011D8DFE89A
:1009900006F025031C242000616D294317E04FF069
:1009A000300080F31188BFF36F8FBFF34F8F00BF0C
:1009B000FEE7616D013111D04FF0300080F31188F6
:1009C000BFF36F8FBFF34F8FFEE7616D013161653C
:1009D00004E0022801D1002047E06565012843D1E9
:1009E000A06A40B14FF0300080F31188BFF36F8FE1
:1009F000BFF34F8FFEE745F23860C2F20000006897
:100A000030B145F65C5004F11801C2F2000015E067
:100A1000251D2846FEF7AAFF45F24061C2F20001FB
:100A2000E06A0A68904288BF086044F2A02100EBA7
:100A30008000C2F2000101EB80002946FFF711F8A7
:100A400044F28C21C2F20001E06A0968C96A884256
:100A50000AD9069808B10121016045F6E851C2F2B1
:100A600000010120086000E0012088F31188BDE842
:100A7000F08144F28C20C2F200000068704745F615
:100A8000B050C2F20000006848B145F23860C2F2CE
:100A900000000068B0FA80F0400940007047012073
:100AA000704745F6DC50C2F2000000687047000055
:100AB0002DE9F04F81B045F23860C2F200000068C5
:100AC00040B145F65850C2F20000016800240131DF
:100AD00001609DE045F6DC50C2F2000001684E1C4A
:100AE00006602ED344F29420C2F200000168096827
:100AF00049B14FF0300080F31188BFF36F8FBFF31F
:100B00004F8F00BFFEE744F29822C2F20002016854
:100B100013680360116045F65451C2F200010A687F
:100B200001320A600168096821B10068C068C068C4
:100B3000406801E04FF0FF3045F65051C2F200012D
:100B4000086045F65051C2F20001086844F28C2A50
:100B500044F2A0288642C2F2000AC2F2000801D282
:100B6000002443E044F29427C2F2000738680024CE
:100B70000068C0B345F2406BC2F2000B3868C06831
:100B8000D0F80C904D4655F8040F864226D32846DF
:100B9000FEF7ECFED9F8280018B109F11800FEF7AD
:100BA000E5FED9F82C00DBF80010884288BFCBF8AE
:100BB000000000EB800008EB80002946FEF751FFA3
:100BC000D9F82C00DAF80010C96A3A68884228BFC0
:100BD000012410680028D1D14FF0FF3045F6505164
:100BE000C2F2000101E04FF0FF300860DAF80000C7
:100BF000C06A00EB800058F82000012845F6E85054
:100C0000C2F2000088BF01240068002818BF012438
:100C1000204601B0BDE8F08F2DE9F0411E46154693
:100C200088460746FEF736FF44F28C24C2F20004E1
:100C3000206890F85800022819D02068416D21EAF8
:100C40000701416520684FF0010180F8581076B126
:100C500030460121FDF7CBFB4EF60450CEF20000EA
:100C60004FF080510160BFF34F8FBFF36F8FFEF7DE
:100C700033FFFEF70FFF15B12068406D2860206834
:100C8000002590F858100020022905D1216801257F
:100C90004A6D22EA08024A65216881F85800FEF789
:100CA0001BFF2846BDE8F081B0B580B1044644F290
:100CB0008C20C2F200000068A0420AD04FF0300041
:100CC00080F31188BFF36F8FBFF34F8FFEE70020D3
:100CD000B0BD206D30B3411EE06AE26C21659042E8
:100CE0004FF000001DD0E1B9251D2846FEF73EFE5D
:100CF000E06CC0F13801A16145F24061E062C2F2EE
:100D000000010A68904288BF086044F2A02100EB0D
:100D10008000C2F2000101EB80002946FEF7A1FE2F
:100D20000120B0BD4FF0300080F31188BFF36F8F0A
:100D3000BFF34F8FFEE70000B0B5C068C5687DB156
:100D400005F118042046FEF711FE45F23860C2F2A4
:100D50000000006868B145F65C50C2F200001DE07A
:100D60004FF0300080F31188BFF36F8FBFF34F8FC8
:100D7000FEE72C1D2046FEF7F9FD45F24061C2F268
:100D80000001E86A0A68904288BF086044F2A02126
:100D900000EB8000C2F2000101EB80002146FEF76B
:100DA00060FE44F28C21C2F20001E86A0968C96A57
:100DB000884291BF002045F6E851C2F200010120AF
:100DC00088BF0860B0BD00002DE9F04F81B045F24A
:100DD0003864C2F20004206868B1FEF75BFE206848
:100DE00001382060206880B10024FEF775FE20469F
:100DF00001B0BDE8F08F4FF0300080F31188BFF3F1
:100E00006F8FBFF34F8F00BFFEE745F23060C2F235
:100E1000000000680028E7D045F65C56C2F20006E4
:100E2000306845F6E8580028C2F2000842D045F282
:100E3000406744F2A02944F28C2BC2F20007C2F2B0
:100E40000009C2F2000B4FF0010A00BFF068C5684C
:100E500005F11800FEF78AFD2C1D2046FEF786FDE1
:100E6000E86A3968884288BF386000EB800009EB87
:100E700080002146FEF7F5FDE86ADBF80010C96A3C
:100E8000884228BFC8F800A030680028DED144F2AC
:100E90009420C2F200000168096821B10068C068AE
:100EA000C068406801E04FF0FF3045F65051C2F293
:100EB0000001086045F65854C2F20004256855B197
:100EC000012600BFFFF7F4FD08B1C8F80060013D3E
:100ED000F8D100202060D8F8000000283FF484AF4B
:100EE0004EF60450CEF200004FF080510160BFF387
:100EF0004F8F0124BFF36F8F77E72DE9F04182B068
:100F000004462C20984615460E46FDF760FE07461F
:100F100058B10898002187F82810009020463146E3
:100F20002A4643460197FDF749FC384602B0BDE822
:100F3000F0810000B0B584B02C240394039C2C2CC9
:100F40000ED1099D039CA5B1DDF820C0022485F8CF
:100F50002840CDE900C5FDF731FC284604B0B0BDFE
:100F60004FF0300080F31188BFF36F8FBFF34F8FC6
:100F7000FEE74FF0300080F31188BFF36F8FBFF3AF
:100F80004F8F00BFFEE7000080B586B0FDF7FEFA88
:100F900045F6E050C2F20000006808B30020CDE939
:100FA000040005A804A903AAFEF720FDDDE903203B
:100FB0003721DDF814C0CDE900104EF66510C0F6FB
:100FC00000000CA10023CDF808C0FFF70DFC45F68A
:100FD000E451C2F20001086010B1012006B080BDEA
:100FE0004FF0300080F31188BFF36F8FBFF34F8F46
:100FF000FEE700BF546D72205376630010B584B0D5
:10100000A8B145F6E054C2F2000484462068C0B19D
:101010000529CDE90012CDF808C014DCFFF72FFD3B
:1010200001462068022914D1069A694613E04FF060
:10103000300080F31188BFF36F8FBFF34F8F00BF75
:10104000FEE700200AE069461A460023FFF7D2F9BE
:1010500004E0694600220023FFF7F8F804B010BD51
:101060005FEA400C08BF91F0000F4FEA8C234FEA73
:10107000C12243EA51514FEA1C5018BF00F5F0401D
:101080004FEA300018BF41F000415FEA6C5C00F0AD
:101090002980BCF1FF3F08BF40F080407047130C2F
:1010A00006BF12044FF0100C4FF0000C130E04BFDB
:1010B00012020CF1080C130F04BF12010CF1040C06
:1010C000930F04BF92000CF1020CD30F04BF520027
:1010D0000CF1010C11464FF00002A0F11F00A0EB33
:1010E0000C00704711F0004F08BF704731F000410D
:1010F0003FF4D5AF0B0C06BF09044FF0100C4FF0B6
:10110000000C0B0E04BF09020CF1080C0B0F04BFFE
:1011100009010CF1040C8B0F04BF89000CF1020CC7
:10112000CB0F04BF49000CF1010CCCF1200322FAD3
:1011300003F341EA030102FA0CF2A0EB0C0000F108
:101140000100704723F07F4720F07F4C80EA0300C6
:1011500000F00040ACEB070303F57C5303F1FF0301
:101160002DE9804909B44FEA144324EA03484FEAC1
:10117000154B25EA0B4E0FF2042606EB13273E789B
:1011800003FB0667C7F5000707FB06F64FEAD646DE
:1011900006F102064FEA543707FB066CCCF1005CFF
:1011A0004FEA1C472CEA074C0CFB06F507FB06F43C
:1011B00004EB15464FEA961649085FEA320234BF3F
:1011C00000204FF000404FEAD13706FB07FC4FEA02
:1011D0001C4C0CFB0BF7D21B03FB0CF761EB07015C
:1011E0000CFB0EF7B0EB074072EB17420CFB08F755
:1011F00034BFA2EB0742B2EB074261EB17414FEA63
:101200000C444FEA910706FB07FC4FEA1C4C0CFB11
:101210000BF7B0EBC74072EB573203FB0CF734BF50
:10122000A2EBC742B2EBC74261EB57310CFB0EF7A2
:10123000B0EBC70072EB57720CFB08F734BFA2EBA0
:10124000C702B2EBC70261EB57714FEA816141EA15
:1012500092114FEA826242EA90124FEA806004EBF8
:10126000CC04039F4FEAD13706FB07FC4FEA1C4C26
:101270000CFB0BF7D21B03FB0CF761EB07010CFB1C
:101280000EF7B0EB074072EB17420CFB08F734BFC8
:10129000A2EB0742B2EB074261EB17414FEA8C55D4
:1012A00004EB9C244FEA910706FB07FC4FEA1C4C19
:1012B0000CFB0BF7B0EBC74072EB573203FB0CF79C
:1012C00034BFA2EBC742B2EBC74261EB57310CFB14
:1012D0000EF7B0EBC70072EB57720CFB08F734BF88
:1012E000A2EBC702B2EBC70261EB57714FEA816113
:1012F00041EA92114FEA826242EA90124FEA80601C
:1013000015EB4C2544F100044FEAD13706FB07FCEE
:101310004FEA1C4C0CFB0BF7D21B03FB0CF761EBE9
:1013200007010CFB0EF7B0EB074072EB17420CFB0A
:1013300008F734BFA2EB0742B2EB074261EB17415B
:101340004FEA813141EA92414FEA823242EA9042C9
:101350004FEA80304FEA0C7615EB1C1544F100047F
:1013600048EA03434EEA0B484FF0000EB2EB080C7C
:1013700071EB030724BF624639464EEB0E0E4FF069
:10138000000B0018524149414BEB0B0BB2EB080C20
:1013900071EB03077BF1000B24BF624639464EEB2D
:1013A0000E0E4FF0000B0018524149414BEB0B0B56
:1013B000B2EB080C71EB03077BF1000B24BF624614
:1013C00039464EEB0E0E51EA020718BF46F00106F1
:1013D00016EB0E7655F1000254F1000103D5BDE87D
:1013E0008901BDE80088BDE88901BDE80048B6195B
:1013F000524141EB0101A3F10103704780807F7EE0
:101400007D7C7B7A7978777676757473727171707A
:101410006F6E6E6D6C6C6B6A6A696868676666652C
:101420006464636362616160605F5F5E5E5D5D5CBA
:101430005C5B5B5A5A59595858575756565555552B
:101440005454535352525251515050504F4F4F4E8B
:101450004E4D4D4D4C4C4C4B4B4B4A4A4A494949D9
:10146000484848474747474646464545454444441B
:101470004443434343424242424141419C46002B44
:1014800030D477002BD04FEA37071CB503B44FF0A8
:1014900010004FF01001BAF1000F06D0BCF1000FA0
:1014A000DCBF40F0080040F008014FF000000FBC26
:1014B000BDE810400BF1010BBBF1010F08BF5FEA63
:1014C000170722BF12F1010211F101014FF0004193
:1014D00043F1000300F0004043EA00007047F9D3F5
:1014E0005708D0E746EA06464FEA164613F1400F82
:1014F0001FDD13F1200FDFBF16430A460021203302
:101500005B42BED0C3F1200746EA06464FEA1646C4
:1015100002FA07F746EA070622FA03F2C3F12007A8
:1015200001FA07F742EA070221FA03F14FF000033C
:10153000A7E746EA020646EA06464FEA164646EAA4
:101540000106BCBF46EA0646360C4FF000034FF0DA
:1015500000024FF0000194E72DE9804C70B49A46E8
:10156000934691E8380007C831EA400C48BF34EA96
:10157000430C03D5FFF7E6FDFFF780FFF0BCBDE8A5
:10158000008C2DE9804C70B49A46934691E838005F
:1015900007C810F0804F08BF13F0804F03D100F050
:1015A00005F8FFF76BFFF0BCBDE8008C20F07F472B
:1015B00023F07F4C80EA030000F0004007EB0C03AF
:1015C000A3F57C53A3F1FE0392F0000F00F0B3806B
:1015D00095F0000F00F077802DE901494FEA1140A6
:1015E00021EA00484FEA144624EA064700FB06FCBD
:1015F00008FB06F607FB08F818EB06484CEB164C00
:1016000000FB07F718EB07484CEB17404FEA124B6B
:1016100022EA0B4E4FEA154625EA06470BFB06FC6D
:101620000EFB06F607FB0EFE1EEB064E4CEB164CB1
:101630000BFB07F71EEB074E4CEB174B18EB0B0899
:1016400040F1000018EB0E0B58EB000840F10000D1
:101650008F1A4FF000014FF000063CBFC943661BD4
:1016600014BFB5EB040C00213CBFC943F61B4FEA85
:10167000174427EA04454FEA1C472CEA074C04FBB1
:10168000076205FB07F70CFB05F616EB074642EB76
:10169000174204FB0CFC16EB0C4642EB1C421BEB06
:1016A000060658EB020241414EEA8E0E46EA9E06BD
:1016B00001D5BDE80189B619524141EB0101A3F101
:1016C0000103BDE801894FEA144524EA05464FEAC3
:1016D000114721EA074C05FB07F406FB07F70CFB53
:1016E00006F111EB074144EB174405FB0CFC11EB31
:1016F0000C4144EB1C444FEA124722EA074C05FB1D
:1017000007F206FB07F70CFB06F616EB074642EB63
:10171000174205FB0CFC16EB0C4642EB1C456A1805
:1017200054F1000148BF7047B619524141EB010125
:10173000A3F10103704795F0000F37D04FEA114233
:1017400021EA02464FEA144724EA074C02FB07F15C
:1017500006FB07F70CFB06F414EB074441EB1741BB
:1017600002FB0CFC14EB0C4441EB1C414FEA154707
:1017700025EA074C02FB07F506FB07F70CFB06F60C
:1017800016EB074645EB174502FB0CFC16EB0C4627
:1017900045EB1C42121951F1000148BF7047B619C0
:1017A000524141EB0101A3F1010370474FEA144597
:1017B00024EA05464FEA114721EA074C05FB07F1E9
:1017C00006FB07F70CFB06F212EB074241EB174151
:1017D00005FB0CFC12EB0C4251EB1C414FF00006D8
:1017E00048BF7047921841EB0101A3F10103704714
:1017F000828C4FF0FF31520402D0818CC1F30E0174
:10180000428C520407D0428CC2F30E028A4202D8A4
:10181000408CC0F30E010846704783685B68002B5C
:1018200001D0007C184770474268136861F3820357
:101830001360007C03F0E0BE38B5024600208A4207
:1018400009D20C4C182000220090246802A31146F3
:101850000620A047022038BD446174612053697A94
:1018600065206973206E6F7420636F727265637494
:10187000000000000000002030B51024039D052B5F
:1018800006D0062B0DD0072B10D0092B27D106E050
:1018900045744169002421F4804141611FE009241D
:1018A0001DE0416941F40051416118E029B1012A6C
:1018B00001D0072413E0992110E041680988C1F3A1
:1018C0000221042903D0012A07D0112106E022B900
:1018D0008168496B09B1922100E00F2141742046D3
:1018E00030BD70B50446808E0025010406D410F486
:1018F000E04F03D100F01F000D2812D0207F0326F7
:101900000F21112824D00EDC112827D2DFE800F0A7
:101910001C202023242020202020202020202026BE
:101920002000102015E0582818D004DC542815DABF
:10193000122813D10AE0593807280FD2DFE800F047
:101940000E0E0E0E0E0E0800667414E0617412E0A6
:101950001120607400E0617415250CE0207C5C218E
:1019600002F04EFE667460680068C0F3022103292D
:10197000F2D14007F0D4284670BD2DE9F04104466D
:1019800090F83400102600F01F0301202A211125B1
:101990000B22192B44D2DFE803F043200DBBBB22FE
:1019A000BB25544D3746BB194343B86C90B09BAA36
:1019B0007E43B3006068007840070ED40220207791
:1019C000207C2B2102F01CFE98209CE00320207735
:1019D000207C322102F014FE6674BDE8F081207C88
:1019E000332166E00622227762681268530703D427
:1019F00023681B791B0737D5207C0C2102F000FEE1
:101A00004C2080E06174E8E722681279120707D55C
:101A100008202077207C3C2102F0F2FD222072E099
:101A20006268127820E0A268D26A002AF8D025778E
:101A30009D2068E0A268926B002AF1D0267793205F
:101A400061E062681268C2F30223032B0CD15307D2
:101A500003D523681B791B0706D5072020771D2097
:101A60006074207C062124E002F00302022A4AD09E
:101A7000C8E721680A7A120745D5626812785207CA
:101A800002D4097909073ED50A20207763206074C3
:101A9000207C46210DE061680978490703D521685B
:101AA000097909072FD55F20207764206074207C96
:101AB0006021BDE8F04102F0A3BD2168097A8906E2
:101AC00021D52277207C4D2102F09AFD30201AE0AA
:101AD0002168097A490716D52277207C492102F02E
:101AE0008FFD60680078400712D52D200BE021683B
:101AF000097A090607D52F2005E00921217702E0A0
:101B00000F2020774B20607467E7207C5921D0E7B5
:101B1000657462E7F8B50446808E012500F01F0168
:101B200006294CD006DC012928D002290AD0032935
:101B300006D13AE0072950D00A2954D00F2939D0CC
:101B4000112030E0A06B8178C27801EB022102798C
:101B50004079120402EB006008440090606800784D
:101B6000400721D5A1680423207C8E696A4606219E
:101B7000B04725770020A084092014E06168097827
:101B8000490711D4C0F38111207C00F0C1F9A08E67
:101B9000A168C0F302308300A26B8D690421207C10
:101BA000921CA84744206074F8BD2046BDE8F84068
:101BB00000F0F8BA2046BDE8F84000F016B82068FA
:101BC000007AC0060FD5A168A26B04238D690B2192
:101BD000207C921CA8472C20E5E720680089C005DE
:101BE00001D53D20DFE76574F8BD2DE9F0470446D7
:101BF000C068012598B1A06B8178C27801EB022101
:101C000002794079120402EB00600144C1F3C03054
:101C1000B8B120B111F0C00FC4F8501208D06068FC
:101C2000007800F00300022800D16574BDE8F08759
:101C300020688088C005F2D52046BDE8F04700F056
:101C4000F2BAA08E0623C0F30230401E84F8AC0422
:101C5000002007264FF008094FF0090A1BE0A26B8D
:101C600003EB800706EB800CD75D12F80CC00AEB83
:101C7000800807EB0C2709EB800C12F80CC012F857
:101C800008204FEA0C4C0CEB02623A4404EB80074C
:101C9000401CC7F8942494F8AC248242DFD8E06852
:101CA0000028BCD0066C002EB9D0207C04F29443EE
:101CB00004F2AC42B0470028B1D103206074B5E70C
:101CC00070B50446806B8178C07801EB002080B24B
:101CD000A4F85A02A18E10F4F04F01F01F0284F80C
:101CE0005C2203D0420501D534207AE0020411D4ED
:101CF000C0F30800A4F88E04002006E0A26B011DCA
:101D0000515C2218401C82F88112B4F88E14814272
:101D1000F4D818E010F4F04F09D1420513D4C1F300
:101D2000023107290FD3C0F308011A290BD9410545
:101D300009D4B4F88E14C0F30800884203D90020F7
:101D4000E08337204DE0217F01200325002994F80E
:101D50005C1248D0072933D006DC012909D00229BA
:101D60001FD005293DD132E00E293AD00F2938D1B4
:101D70000BE0A168A26B19238E690821207C121D3B
:101D8000B0476574207C472116E0A168A26B182338
:101D90008E691321207C121DB0476574207C62215E
:101DA0000AE0A168A26B07238E690921207C121D1D
:101DB000B0476574207C4E21BDE8704002F020BC25
:101DC000A1681A23207C8E69A26B0D2105E0A16811
:101DD000207CA26B09238E691121121DB047657406
:101DE00070BD607470BDCB1E04F28122092BF8D245
:101DF000DFE803F00614052205474D303C00F0E70C
:101E000021680989C904ECD5A168A26B01238D69F9
:101E10001021207C121DA8473A20E2E72168098999
:101E2000C904DED5A168A26B01238D690E21207C37
:101E3000121DA8473B20D4E72168097A4906D0D56E
:101E4000A168A26B02238D690C21207C121DA8477A
:101E50003C20C6E723681B895B0515E0A3681E6963
:101E6000002EBED0B4F88E34207CB7E7A068056998
:101E7000002DB7D0B4F88E34207CAC46BDE870405D
:101E8000604723681B899B05002BE7DBA9E72068D7
:101E900000898005A6D5A0680669002EE2D170BD34
:101EA00030B4EFF3108172B690F83C20F2B1521EBC
:101EB00012F0FF0200EB02044FF0000384F84D32F1
:101EC00010D00022841894F84D4264060CD5521CA0
:101ED00080F83C2081F31088017C8068826A30BCE5
:101EE000084610470122EDE780F83C3081F3108866
:101EF00030BC704728B1012805D0022805D0142035
:101F0000704711207047122070471320704700005F
:101F10000F4B30B453F8202055682A6802F00304B0
:101F20008C4200D8214661F301022A6053F8201048
:101F30004B6802F00301012902D042F0200101E0C8
:101F400022F02001196030BC01F0030103F05EBBF8
:101F50005821002030B44468236803F003028A4209
:101F600000D8114661F39B632360007C30BCC3F34F
:101F7000816103F0EDB870B51421EFF3108272B6F1
:101F800090F83C3033B300F5137425461C5D6406AD
:101F900001D403211EE003EB431400EBC404CB3C4B
:101FA00084632678647806EB042484865B5D03F002
:101FB0001F03012B04D0022B05D0042B0AD105E00E
:101FC0001121002304E01221012301E01321022347
:101FD00080F8303082F31088084670BD034951F80C
:101FE000200040680068C0F340607047582100201E
:101FF00090F8301080F83110818E0A0401D5FFF777
:102000005FBE11F4E04F01D0FFF784BDFFF7B5BC10
:1020100070470000064951F820200020EFF310819E
:1020200072B692F83C2002B1012081F3108870470B
:1020300058210020094951F820100A7F092A0BD0A5
:102040004A68136843F0100313604A6942F400328F
:102050004A618968896A0847704700005821002052
:102060000D4A10B552F82030002002469C1894F812
:102070004D4224B1521CD2B2022AF7D310BD202403
:10208000981880F84D4290F84D2201238B401A4356
:1020900080F84D22012010BD58210020114930B494
:1020A00051F820200021531893F84D32C3F3411307
:1020B000012B05D0491CC9B20229F4D330BC7047AA
:1020C000531893F84D4244F0400483F84D4292F87F
:1020D0003C3013B9491C82F83C109168896A30BCC5
:1020E00008470000582100200C4A52F82020002008
:1020F000131893F84D32C3F34113012B04D0401C45
:10210000C0B20228F4D3704700EB401002EBC000CD
:102110004FF484723D30EEF731BB000058210020AF
:102120000A4951F8201000200A1892F84D22C2F3F3
:102130004112012A04D0401CC0B20228F4D37047D7
:102140000844002280F84D227047000058210020EA
:1021500070B505461248052950F8254009D0606938
:1021600040F480206061A068816A2846BDE8704024
:1021700008476068016821F01001016060691E2154
:1021800020F4C06000F500706061142084F8320013
:10219000002084F83C00207C02F032FAE3E70000E3
:1021A000582100207CB50446002000900190A06BCF
:1021B00001AB8178C27801EB0221027940791204E7
:1021C00002EB00600E18A168207C6A464D6903216D
:1021D000A84704210198FFF72FFB032550B9606839
:1021E0000088C0F30220032804D10098A0F598517C
:1021F000883901D065747CBD300F05280BD00828C4
:102200000BD009280CD00A28F5D1207C5FF066019C
:1022100002F0F6F9EEE7272000E0292060747CBD8B
:10222000207C6521F4E7F0B5818EC1F30231491EAF
:1022300080F8AC1490F83110002964D106230724EB
:10224000082509261CE0826B03EB810704EB810C57
:10225000D75D12F80CC006EB810E07EB0C2705EBDF
:10226000810C12F80CC012F80E204FEA0C4C0CEB4B
:1022700002623A4400EB8107491CC9B2C7F89424B2
:1022800090F8AC248A42DED8D0F85022502502F0D3
:102290001F0148F20F04062935D2DFE801F03403AC
:1022A0001313131305774568C2F341322B68C3F348
:1022B0004011914200D9114661F345132B60C4834C
:1022C00075211FE04668C2F341323368C3F3401101
:1022D000914200D9114661F345133360C483D0F8AD
:1022E000501241F40041C0F8501242681278C2F313
:1022F000401262F34E3121F0C0018031C0F850121B
:10230000057776214174F0BD0021A0F8601280F8B5
:102310006212704710B5044690F8320018B1207C64
:102320005B2102F06DF9204600F02BF86068007820
:1023300040072068007900F00303207C08D50122C3
:10234000114603F039F96068016841F0080107E0BF
:102350000022114603F030F96068016821F008019D
:102360000160206801796068026861F3010202601F
:10237000207C012102F0D0FF207CBDE8104002F05B
:102380007BBF7CB50446002001906068016821F0A5
:10239000100101600021204600F005FA4FF413718E
:1023A00004F11400EEF793FAA1680423207C8D69F0
:1023B00001AA0221A8474FF080700090A168042371
:1023C000207C8D696A460621A8472068007900F0C4
:1023D0000301207C02F0BCFE20680179606802687D
:1023E00061F39B6202607CBD2DE9F043644C0346BF
:1023F000002054F82390B9F83430C3F302335B1E45
:10240000DBB2032B74D30C784D78CE7804EB052423
:102410008D782D0405EB0665671917600D794E79E7
:10242000CC7905EB06258E79360406EB04642C4442
:10243000546091F808C04E7ACC7A0CEB062691F8DD
:102440000AC008254FEA0C4C0CEB04643444946039
:1024500092F82040DB1E24F01F0613F0FF0382F8E1
:1024600020607AD0C7F3C26C01F10C04BCF1060FF6
:1024700072D2DFE80CF0550303172B3E46F0080636
:1024800082F820600E7B91F80DC00C2506EB0C261F
:1024900094F802C0E4784FEA0C4C0CEB046434442A
:1024A000946139E046F0010682F820600E7B91F8D5
:1024B0000DC00C2506EB0C2694F802C0E4784FEA18
:1024C0000C4C0CEB04643444D46025E046F0040664
:1024D00082F820600E7B91F80DC00C2506EB0C2CC9
:1024E000A678E478360406EB04646444546113E08F
:1024F00032E046F0020682F820600E7B91F80DC0B3
:102500000C2506EB0C2694F802C0E4784FEA0C4C3C
:102510000CEB0464344414615B1E13F0FF031CD005
:1025200099F83440C4F38114012C16D9C7F3C2546E
:10253000002C12D0012C03D0022C01D0032C0BD183
:1025400092F82040260704D55B1EDBB2083501E077
:1025500003E02D1D012B02D00220BDE8F08344F0E2
:10256000100382F820304B5D29444C7803EB0423A0
:102570008C78C978240404EB01611944D161ECE73B
:102580005821002070B5114C54F82000808E99839A
:10259000C0F30230401EC4B2002018601118155C50
:1025A0004E78001D05EB06258E78C978360406EBBB
:1025B000016129441D68C0B203EB85056960196893
:1025C000491C1960B0EB840FE8D370BD582100207E
:1025D000F0B51C4B53F82000808EC0F30230401E33
:1025E000C5B2002010760346507601260F180C5C09
:1025F0007F7804EB07242704147E3F0C22F8147024
:10260000147E02D0641C147601E001235676801CEF
:10261000C0B20F180C5C7F7804EB07242704147EEB
:102620003F0C22F81470147E02D0641C147601E072
:1026300001235676801CC0B2B0EB850F01D2002B6F
:10264000D4D0F0BD582100202DE9FC471E46DDF80E
:10265000289090468A460446022700F26325606867
:102660000088C00404D4002060741020BDE8FC87FA
:10267000CDE90079207C2B464246514602F050FEBF
:102680000328ECD01028F1D00096B8F10D0F06D039
:102690000022034651462046FFF7EEF8E6E7012206
:1026A000F7E700002DE9FC479146DDE90A288A4654
:1026B000044600210C9F12E0002004EB810600BFBD
:1026C0001D684FEAC00C25FA0CF506EB000C401C07
:1026D000C0B28CF865520428F2D3491C1B1D9142EC
:1026E000EAD3022000EB820086B204F26325606820
:1026F0000088C00402D41020BDE8FC87CDE9006743
:10270000207C2B464A46514602F00AFE0328EED0B2
:102710001028F1D00346002251462046CDF8008013
:10272000FFF7AAF8E8E72DE9FC479946DDE90B76C3
:10273000DDF828808A46044642F0800560680088FB
:10274000C00404D4112060741020BDE8FC87CDE9DA
:102750000086207C4B462A46514602F0E1FD0328C4
:10276000ECD01028F1D003460022514620460097B5
:10277000FFF782F8E9E770B50D460446052910D049
:102780005E21207C01F03CFF207C294602F092FD76
:10279000EFF3108172B6002084F83C0081F31088BA
:1027A00070BD1F21EDE730B442681368C3F3022403
:1027B0008C4207D061F30A231360007C30BC5A219D
:1027C00001F01EBF30BC7047F8B5044608780225FA
:1027D0000E4614280BD02046FFF70AFC3078142848
:1027E00078D0142030702046FFF75AFB72E0606901
:1027F0004FF00005C10C4FF4004620D0218CB142AF
:102800000FD10F2060740095334D002370222D6886
:10281000217C0920A84794F86002401C84F86002DB
:1028200036E0A18EC1F3422101EBD04000EB001055
:1028300000EB400040F40041218485B24AE0A18CC5
:10284000B14206D14521617440F400400025606129
:1028500040E0207CFFF7DEFB78B994F8320060B1ED
:102860006068007800F00300012813D0022804D12A
:10287000207C02F0B3FC01280CD0608CB0421FD148
:10288000658494F86202401C84F86202052060743A
:1028900000251FE094F8330084F8310094F83200EA
:1028A0006074452803D1606940F40040606184F899
:1028B0003250A06AE062606940F480406061E7E7FE
:1028C0002046FEF795FF94F8321011B1022800D38C
:1028D000022005462846F8BD000000202DE9F04101
:1028E0000446087802250E46112851D1A08E010415
:1028F0004ED410F4E04F4BD100F01F01142748F2E2
:10290000F4124FF4FA70022906D0032904D00429E6
:102910000BD00C2920D108E0E28305460421204693
:10292000FFF741FF472060740FE063681B88C3F323
:102930000223032B04D043216174E283054604E0A3
:102940000C2916D00320607400253078142803D099
:1029500037702046FFF7A4FA94F8340000F01F0007
:1029600002280BD0032806D004280AD00C280FD147
:102970000AE04920E7E7207C012107E0207C0421D0
:1029800004E0207C022101E0207C032101F038FEDC
:10299000E08BB0F5004F02D10F206074002528466F
:1029A000BDE8F08170B58CB00446142931D1E068DF
:1029B00000282ED0C66B002E2BD000258DF80C5091
:1029C000207C06AB03AA04A9B047049820F4004178
:1029D0009DF80C000491401CC0B28DF80C000591CC
:1029E00061680978490703D5217DC1F3800100E0C2
:1029F000022100900322CDE9012194F8311005ABAA
:102A00000F222046FFF74EFE08B95920207784F8A0
:102A100032500CB070BD00002DE9F04F0446407CF0
:102A20000225032797B00E464FF4004B48F21E08CC
:102A30004FF0000985287DD016DC4FF0010104F528
:102A40001473812877D008DC4FF47F42752816D0A4
:102A5000762871D07F2870D188E048F2320682282B
:102A60006CD08328F7D121E289384FF01408072869
:102A700063D2DFE800F0A9FAE9E8E7FAE600E08BC4
:102A80000126584571D0D4F8500220F01F00401C98
:102A900040F40040C4F8500261680B78C3F340135F
:102AA00063F34E30C4F8500209680B0703D501F0F8
:102AB0000301012906D0E16821B10B6813B1B2EB23
:102AC000104F03D020F0C000803044E0207C0EA9DD
:102AD000984703283BD00F28D4F85002F2D120F0B9
:102AE000C0004030C4F850020E9807900F9808902C
:102AF000109809909DF858000426820706A902D56F
:102B0000129A05260A92020703D5149A41F8262044
:102B1000761CC20608D5000702D541F82690761C1F
:102B2000159841F82600761CD4F8500206908DE8DE
:102B3000C00204E03AE2A6E010E081E024E194F86B
:102B4000311006AB0F222046FFF7ACFD8DE0D4F824
:102B5000500240F0C000C4F85002E5E75020207752
:102B60008DE8820294F83110ECE77CE0D4F8500252
:102B700020F0DF00801CC4F85002A4F85222D4F8E0
:102B8000500240F40040C4F8500262681678C6F360
:102B9000401666F34E3020F4E060C4F8500210781E
:102BA000400703D5207DC0F3800000E00220892289
:102BB000CDE90012029094F831100F222046FFF761
:102BC00071FDE8BB52208EE094F83100FFF792F9D6
:102BD000317888423ED1A08E02043BD410F4E04FFD
:102BE00038D000F01F000F2834D1142904D086F803
:102BF00000802046FFF754F9A16B8878CA784B799A
:102C000000EB02200A79120402EB0362104400F088
:102C10001F028246022A1DD11AF0C00F1AD0E068A6
:102C2000806900287ED0207C06AA891DFFF7D0FC91
:102C3000E368CAF3811294F83110207C9D6904E0A6
:102C400013E006E26DE1D6E052E006ABA847207C37
:102C5000532196E094F8340000F01F0010287DD036
:102C6000E08B584501D16774002517B02846BDE8B0
:102C7000F08F00BFA4F81E9067740025207C5921B6
:102C800001F0BEFCF1E7D4F8500220F0DF00C01CD8
:102C9000C4F85002B4F85802A4F85202D4F8500212
:102CA00040F40040C4F8500262681678C6F340163B
:102CB00066F34E3020F4E060C4F85002107840070C
:102CC00003D5207DC0F3800000E002208B22CDE9F7
:102CD0000012029094F831100F222046FFF7E2FC18
:102CE0000028C2D153202077A4F81E801E25BCE7FF
:102CF00094F83100FFF7FEF831788842AAD1A08E0F
:102D00000204A7D410F4E04FA4D000F01F000F2855
:102D1000A0D1142904D086F800802046FFF7C0F81F
:102D2000A26B00E02FE09078D178537900EB01207E
:102D30001179090401EB0361084400F01F01824688
:102D4000032987D11AF0C00F84D0E068C069002839
:102D500019D0D4F85002010C207C00E0E5E106AB6C
:102D6000921DFFF70FFCE268CAF3811594F8311049
:102D7000D669207C06AB2A46B047012D03D1207CC2
:102D8000542101F03DFCCDE1D4F8500220F0DF00E9
:102D9000001DC4F85002B4F85802A4F85202D4F846
:102DA000500240F40040C4F8500262681778C7F33C
:102DB000401767F34E3067694FEA971C6CF30A209F
:102DC000C4F850021078400702D5C7F3800000E035
:102DD00002208C22CDE90012029094F831100F22CB
:102DE0002046FFF75FFC00287FF4B0AE5420207728
:102DF000207C342190E04FF0340A94F83100FFF742
:102E000079F8317888429CD1A08E02043FF522AF38
:102E100010F4E04F98D000F01F000F2891D1142932
:102E200004D086F800802046FFF73AF884F81C901A
:102E3000A06B8178C27801EB0221027940791204FB
:102E400002EB0060084400F01F010429DBD110F000
:102E5000C00FDFD0C0F3811575B1012D04D0022D54
:102E600004D0032D08D10EE0352004E0606920F481
:102E7000E070606136208246207C514601F0C0FB44
:102E8000E068066A88E0606920F4E07060613720DD
:102E9000F1E700BFD4F850022A46C0F302210091A6
:102EA000030C94F83110207CB0473BE1D4F8500279
:102EB00020F0DF00401DC4F85002B4F85802A4F816
:102EC0005202D4F8500240F40040C4F85002626844
:102ED0001778C7F3401767F34E3067694FEA971CBE
:102EE0006CF30A20C4F850021078400702D5C7F3EB
:102EF000800000E002208D22CDE90012029094F8BB
:102F000031100F222046FFF7CDFB00287FF41EAEC4
:102F100055202077207C552101F072FBE683322575
:102F2000A3E694F83100FEF7E5FF317888428DD1B1
:102F3000A08E02043FF58EAE10F4E04F89D000F071
:102F40001F000F28F3D1142904D086F800802046F2
:102F5000FEF7A6FF84F81C90A06B8278C17802EB84
:102F6000012102794079120402EB0060084400F06C
:102F70001F010529DBD110F0C00FDFD0C0F3811590
:102F8000012D0DD0022D0DD0032D0DD05521207C0B
:102F900001F036FBE068466A002E7FF47BAFC1E0AB
:102FA0005621F4E75721F2E75821F0E78DF8189001
:102FB000D4F8500294F8541220F0C00061F30400D9
:102FC000C4F85002B4F85802A4F85202D4F85002DF
:102FD0004E4640F40040C4F8500261680978C1F3DD
:102FE000401161F34E3020F4E06000F58070C4F8C9
:102FF00050020790E1680F6B47B108A9009100F0FB
:103000001F0294F83110207C06ABB8479DF81800D9
:10301000401CC0B28DF8180061680978490703D5D3
:10302000217DC1F3800100E0022100908F22CDE9D3
:10303000012194F8311007AB0F222046FFF732FB35
:1030400020B95A202077A4F81E801E2584F832600B
:103050000BE6A08EC0F30230401E8DF8080094F8F5
:103060003100FEF747FF317888427FF4F3ADA08E40
:1030700002043FF5EFAD10F4E04F3FF4EBAD00F08C
:103080001F000F28F1D1142904D086F800802046B3
:10309000FEF706FFA06B8178C27801EB022102796E
:1030A0004079120402EB00600844D4F8541200F096
:1030B0001F028A42D9D110F0C00FDED0E068806BC9
:1030C00080B3002006AB4FF0060A4FF0070B4FF01D
:1030D000080E09251AE000BFA16B0AEB800605EB7C
:1030E000800811F806C00BEB80068E5D0CEB0626FF
:1030F0000EEB800C11F80CC011F808104FEA0C4CC4
:103100000CEB0161314443F82010401C9DF808107D
:103110008842E1D30093E36894F83110207C9D6BE2
:1031200002ABA847A4F81E909DE5307814283FF420
:10313000A1AD86F800802046FEF7B2FE9AE52DE9A3
:10314000F04F0446407C022589B00E4648F22D0718
:103150004FF003084FF00709052802D09A2845D1FF
:1031600066E06068007800F003012046FEF7F2FE9A
:10317000D4F8500220F01F00401C40F40040C4F876
:10318000500261680A78C2F3401262F34E3020F4B4
:10319000F860C4F850024FF47F40A4F85202087857
:1031A000400703D5207DC0F3800000E002209A2173
:1031B0000122CDE90021029004F514730F220121B0
:1031C0002046FFF76FFA38B109280FD094F8620251
:1031D00014280CD8678412E0606940F48030606184
:1031E0005120207748F21E0060841E25C0E0E06870
:1031F000466926B100230522207C0121B047606882
:103200000088C0F30220032871D0E08B40040CD06A
:1032100008206074E08BC0F30E002D2803D2E08BF1
:10322000C0F30E05A4E02D25A2E084F811909FE0E4
:103230000120FEF75FFE31784FF0140B4FF0000ACB
:10324000884209D1A08E010406D410F4E04F03D0C7
:1032500000F01F010F290AD094F8340000F01F007D
:10326000102856D0608CB0F5004F68D080E0A16B7C
:103270008A78CB7802EB03220B7949791B0403EBA4
:103280000161571807F01F01012927D117F0C00F5E
:1032900024D0C0F381112046FEF75CFEE06840694F
:1032A00078B1C7F38115012D0BD1A16B207C6A4643
:1032B000891DFFF799F80028207C19D01B2101F007
:1032C0009FF95046A4F822A061680988C1F3022141
:1032D00003291AD084F8119000252077307814281B
:1032E00046D086F800B02046FEF7DAFD40E04BE01D
:1032F000E1686B462A464F690121B847207C52217C
:1033000001F07EF984F862B2DBE784F811800025D1
:10331000E4E75046A4F822A061680988C1F30221BD
:10332000032908D084F8119000252077207C5921AA
:1033300001F066F9D2E784F811800025F6E75646D9
:10334000A4F822A061680868C0F30222032A13D0FF
:10335000C0F38162022A1BD0E068456925B10023D1
:103360000422207C0121A84784F8119000252677AB
:1033700009B02846BDE8F08FE068456925B1002313
:103380000422207C0121A84784F811800025EFE762
:1033900020F0406000F180600860207C012101F095
:1033A000D7FE67842D2508206074E0E72DE9FE43F1
:1033B000417C0446022603220025313948F21B00D5
:1033C0004FF0390804F2632708295FD2DFE801F0E3
:1033D00004E05F6A99AFB2E3B846A4F88E540027C0
:1033E000207CFEF7FBFD012808D084F8655284F8A4
:1033F0006652207CFEF7F2FD38B10CE084F887536A
:1034000084F8885304F285381EE094F8660240F090
:10341000800084F86602B4F890041A284FF0000087
:103420000ED92118401C91F8852381F867221A28AB
:10343000F7D309E02118401C91F8852381F8672211
:10344000B4F890148142F5D86069810606D56168A8
:103450000978490701D5012700E00227800601D538
:10346000332100E00321B4F890044346001D80B2EC
:103470008DE8830094F85D2294F833102046FFF71E
:1034800052F9002802D194F85F02207780E0E083AF
:1034900094F85D021B26042801D174205FE084F8B3
:1034A000118075E0B4F85A021A21C0F3C32010FB52
:1034B00001F1B4F890348B4201D9092801D9627422
:1034C0001DE0581A1A2802D2C2B2002009E01A22BE
:1034D00000200B182344251893F8853385F86732AC
:1034E000401C9042F5D3B4F85A02B4F89024C0F3CB
:1034F000C321207C3B4601F09DFE352060740026F0
:1035000046E0207D800601D5362100E00321B4F895
:1035100090043B468DE8230094F85D2294F8301027
:103520002046FFF700F900BFA4F88E5430E0E08396
:103530001B26B4E7E18BB1F5004F0FD0E0831B26CB
:10354000207C394601F04CFE4FF006096068008887
:10355000C00406D411206074102311E00F206074A1
:1035600016E0CDE9009594F85C0294F8301040F034
:103570008002207C3B4601F0D3FE03460328E5D0C1
:10358000CDF8008094F8301000222046FEF774F940
:103590003046BDE8FE8362740026C5E72DE9F04F92
:1035A0008FB004464FF000080D46CDF8188004F2A5
:1035B0006722407C111F022603274FF4004B4FF077
:1035C000010A4FF0140904913D287DD01EDC292802
:1035D0007BD00EDC1D2879D006DC012877D0182896
:1035E00033D0192870D144E0272871D02828F9D188
:1035F000BDE03A286DD004DC2C286BD03028F1D106
:10360000C9E13B2867D03C28ECD12CE268287BD06C
:103610000ADC632879D002DC4B28E3D109E1642875
:1036200074D06728DED116E1942870D004DC7428A9
:103630006ED09328D6D1ADE095286AD09928D1D103
:1036400006212046FFF797F87CE260680078400783
:1036500003D5207DC0F3800000E0022000901923F4
:10366000082200212046FEF7EFFF002862D1072044
:1036700003E12878112846D1A08E010443D410F428
:10368000E04F2AD000F01F010429F4D1A168C0F353
:1036900002308300A26B8E690521207C921CB0470A
:1036A0002878142804D085F800902046FEF7F8FB0F
:1036B00067740026207C072100F0A2FFA08E010481
:1036C000DCD410F4E04F07E03BE15AE022E005E1F2
:1036D00040E008E232E2E9E1CDD194F8340000F0B4
:1036E0001F00042801D01028C5D12878142804D040
:1036F00085F800902046FEF7D3FB67740026207CF7
:10370000082100F07DFFA8E1BDE0F0E01AE145E00E
:103710006EE15EE0CDF81480A1680325207C4F693E
:1037200005AB07AA0121B84704210598FEF784F8E4
:1037300008B16574FEE1059907AB89088DE822019F
:10374000042200212046FEF7ADFF0028F2D1207CA4
:103750000A214AE112202077207C052100F012FE88
:103760002820607448F22D00E0832D26E2E1E08BF2
:103770005845DFD1207C052100F00AFEA4F81E8008
:10378000E0E128781428D5D085F800902046FEF78F
:1037900087FBCFE1204600F0D7F9CBE160680078E5
:1037A000400703D5207DC0F3800000E00220009098
:1037B0009523092200212046FEF746FF0028B9D1B3
:1037C0001020207748F21B00E0831B26207C22215A
:1037D0000BE12878142896D0A08E010493D410F41D
:1037E000E04F90D100F01F00032806D004280FD02E
:1037F0000C280DD0102886D118E0204600F0F9FAE8
:103800000CE000BF85F800902046FEF749FB24E15C
:103810000C2809D02721207C00F0F2FE677428785C
:1038200000261428EED118E12621F4E7207C282177
:10383000F2E7A168207C06AB4D6904AA1421A847D1
:10384000069800287DD080088DE881010C2204AB09
:103850000021204640E160680078400701D5012042
:1038600000E00220009094F83110682318222046CE
:10387000FEF7EAFE00288CD10F20207748F21B00CB
:10388000E0831B2656E12878142821D094F83000D4
:1038900094F8311088421BD1A08E010418D410F482
:1038A000E04F15D000F01F000C2811D1A168A26BC9
:1038B00004238E691421207C921CB04767742878F9
:1038C0000026142804D085F800902046FEF7E8FA78
:1038D000E08B5845D6D111206074C2E0032310223A
:1038E00000212046CDF80080FEF7AEFE22E1A1685F
:1038F000207C06AB4D690821A84719210698FDF7E1
:103900009BFF00281DD184F8658284F866824246B8
:10391000207CFEF763FB28B994F8660240F0800033
:1039200084F8660206980292001D80B2CDE9000775
:10393000012200212046049BFEF7F5FE207C482151
:1039400053E049E0A168207C06AB4D691321A847EC
:1039500018210698FDF770FFF0BB84F8658284F8A3
:1039600066824246207CFEF739FB28B994F866024D
:1039700040F0800084F8660206980292001D80B232
:10398000CDE900070F2200212046049BFEF7CBFE65
:10399000207C612129E0A168207C06AB4D690921CA
:1039A000A84707210698FDF747FFA8B984F8658264
:1039B00084F866824246207CFEF710FB28B994F812
:1039C000660240F0800084F8660206980292001DAC
:1039D00080B2CDE9000700E081E00222002120460C
:1039E000049BFEF7A0FE207C4F2100F009FEA1E021
:1039F0002878142831D0A08E010418D410F4E04F98
:103A000015D000F01F00052811D1A168A26B042376
:103A10008E690F21207C121DB0476774287800261C
:103A2000142804D085F800902046FEF739FA94F85F
:103A3000340000F01F0010280FD1207C592100F025
:103A4000DFFDA4F81E802878142804D085F80090A3
:103A50002046FEF725FA67740026E08B584571D0A2
:103A600068E0002666E0A168207C06AB4D690D2168
:103A7000A84704210698FDF7DFFE80BB84F8658225
:103A800084F866824246207CFEF7A8FA28B994F8AA
:103A9000660240F0800084F8660206980292001DDB
:103AA00080B2CDE900070722049B3FE0CDF81080EB
:103AB000A168207C06AB4D6904AA0F21A847042108
:103AC0000698FDF7B9FE50B9CDF800A0CDE9017810
:103AD00004AB052200212046FEF7E4FD2AE0FFE7C3
:103AE00084F811A026E0A168207C06AB4D69112165
:103AF000A84709210698FDF79FFE0028F0D184F819
:103B0000658284F866824246207CFEF767FA28B90F
:103B100094F8660240F0800084F8660206980292EB
:103B2000001D80B2CDE90007049B0522002120463C
:103B3000FEF7F9FD0FB03046BDE8F08F207C502134
:103B400000F05EFD67748CE738B50446007CA16820
:103B5000896B884701460A2809D02A200C2915D0EC
:103B60006168097801F00301022911D00EE00020FC
:103B70000323014600901A462046FEF765FD002803
:103B800005D12046BDE8384000F033B9607438BD37
:103B90000120FBE72DE9F84F427C0446022500276F
:103BA000142003269D3A4FF0A0084FF09F094FF4D0
:103BB000004A082A1FD2DFE802F004314A747F8FDE
:103BC000A5F360680068C0F30221032921D1C00475
:103BD0001FD5A168207CC96A88470A280CD00D2807
:103BE0004FF0030300970ED0042200212046FEF779
:103BF0002BFD66740025F9E09E206074606940F436
:103C000080506061F2E00C2200212046FEF71CFD8E
:103C1000ECE0606920F480506061EAE79E230322B3
:103C2000002120460097FEF70FFD0028E3D16068D1
:103C30000088000406D584F8119048F29600E083CD
:103C4000962501E084F81180207C3F2157E0E28B2B
:103C5000524508D16069002520F480506061667487
:103C6000207C1C214BE00A78112AC4D1A28E22F4B8
:103C70007E62062A1FD108702046FEF711F9A0685F
:103C8000026B12B1207C002190476069002520F46E
:103C9000805060616674207C422100F0B1FC678432
:103CA00007E0A068026B12B1207C01219047A1209F
:103CB000607484F8627299E0032306220021204692
:103CC0000097FEF7C1FC00281BD16069422120F457
:103CD00080506061207C12E0A3230B22002120464B
:103CE0000097FEF7B1FC00280BD1606940F48050CA
:103CF000606148F21B00E0831B25207C3E2100F020
:103D00007FFC73E00A78112A5CD1A28E130459D487
:103D100012F4E04F56D102F01F02032A06D0042A03
:103D200027D00C2A15D0102A4CD132E062681288B4
:103D3000120402D584F8119001E084F811800A7809
:103D4000142A03D008702046FEF7AAF8207C3F21F1
:103D500036E06269002522F48052626166740A7856
:103D6000142A03D008702046FEF79AF8207C4021E0
:103D700026E06269002522F48052626166740A7846
:103D8000142A03D008702046FEF78AF8207C4121CF
:103D900016E062681288120403D4A422627406E05A
:103DA00015E06269002522F48052626166740A7827
:103DB000142A03D008702046FEF772F8207C4321B5
:103DC00000F01EFCE08B50453FF444AF0EE0A068CD
:103DD000026B12B1207C012190476069002520F41C
:103DE00080506061667448F22D0060842846BDE80A
:103DF000F88F10B50446406801680A070AD441F0FC
:103E000008010160C1F3C001207C01F0EBFB207CC4
:103E1000252109E021F008010160C1F3C001207CE7
:103E200001F0E0FB207C2421BDE8104000F0E8BB5D
:103E30007047FEF7EDB8FEF7FDB800002DE9F04F32
:103E4000BC4E80468BB00F4656F828401E2000BF5F
:103E500001464FEA48000090C0B2F4F731F894F8F8
:103E6000300094F83110DFF8D0A200EB012085B2C9
:103E700047F21F0005EA00010120012918D1290499
:103E800016D400EB4800C0B2F4F70BF801287CD040
:103E900056F828000B214171C5F30230800065837C
:103EA000801C009004F130033A46414601203DE178
:103EB000A24981460E68A07205F01F0008900D28E7
:103EC0000CD128040AD415F4E04F07D1E1190020E1
:103ED000C8720F220321A01DECF7C7FCCFB3B0B20C
:103EE00020F4807020F0C000C5F3422B40306BF30B
:103EF0004B202076000A607639464046FEF7B0F83F
:103F0000002842D084F810900098C0B2F3F7C9FF9F
:103F10000028F9D004F118020223394640460792DE
:103F2000F3F79CFF0690677204F130014046099157
:103F3000FEF7DAF894F8321094F8330001EB002021
:103F400086B229040FD531040DD4C6F30800001D34
:103F500025E0FFE7618AB0B24A0962F34510090A19
:103F600061F30820BEE72178A9B915F4E04F12D01B
:103F7000089903290FD194F8341094F835200904D6
:103F800001EB02610844082100E097E0B1EB107FEB
:103F900001D184F80090C5F302308000801C0090AD
:103FA000DAF800C03A4641460120099BE0470698EE
:103FB00038B902200090DAF800C03A464146079B23
:103FC000E047E01982795A4502D10699002974D058
:103FD00080F806B02584280470D530046ED5E683B9
:103FE00016F4F04F6FF001013DD170053BD4C5F3DD
:103FF0000233072B03D3C6F308001A2825D8C6F3CB
:10400000C32202EB8205002005EBC20201EB830113
:1040100009E0231800EB420CA56A93F83430401CE9
:1040200005F80C3080B28142F3D8C6F3080088420C
:1040300002D9E06A018001E0E16A08800BB03946EC
:104040004046BDE8F04FFEF70BB884F825900020FD
:104050002118A26A91F834101154401C80B21A2819
:10406000F6D31A20E8E7E06A4FF48273008800F183
:104070001A029A4223D8C5F3023201EB8202871852
:10408000C6F3080C67451AD2C6F3C32101EB8103BE
:1040900084F82590002003EBC10108E0231800EB11
:1040A0004106A56A93F83430401CAB5580B2824279
:1040B000F4D8E06A0188114422E029E021E0C5F348
:1040C000023201EB8202104498421DD8C6F3080167
:1040D000884219D3C6F3C32303EB830584F82590E4
:1040E000002005EBC30308E0251800EB4307A66A90
:1040F00095F83450401CF55580B28242F4D8E06AFD
:1041000001800BB0BDE8F08F002084F82500F8E7AF
:10411000FF206072002525744046FEF701F8A57265
:1041200017200022009006A341460620DAF800403E
:10413000A047E6E74021002000000020A05E010823
:1041400050524C5F4556454E545F52585F44495358
:104150004341524445440000024A012152F82000E4
:10416000C1707047402100202DE9F84300258846A2
:104170000446052915D1124F002057F82460311844
:10418000401CC0B2CD720328F9D30F220321B01D09
:10419000ECF76BFB57F82400457135702046F3F7B8
:1041A000D6FD0095074D002342462D68214601208B
:1041B000A84741462046BDE8F843FDF7C9BF0000C7
:1041C00040210020000000202DE9F84F0F465949FA
:1041D0000446164651F8242012201D4600EB4700E5
:1041E000135A4FF0030A99461B044FF0020B6AD58D
:1041F000938B5FEA435C5DD4B2F822C0BCF11A0F26
:1042000002D95FEA03484CD413F4F04F02D16CF3A7
:104210000803938351F82420135A23F4E04C22F826
:1042200000C051F82420938B5FEA03484FF000034D
:1042300033D592F82250AD1CAD0865F30E3C22F840
:1042400000C051F8242092F82220921C12F003059D
:104250001CD00022C5F104050CE000BF51F824C0B9
:10426000BCF822C00CEB060802F1040C521C08F842
:104270000C30D2B29542F1D851F824204FF0005CB6
:10428000155A0CEBF5354FEA7545155251F82420B7
:10429000125AC2F302350BEB850551F824205384E2
:1042A00008E049F4E043135251F82420538C1A3BA0
:1042B00053841E2551F82420127FB27051F8242017
:1042C000928B120AF27051F8243007F10B0213F8A6
:1042D00002C01A5A6CF34B221A52327051F8242041
:1042E000105A000A707051F82400C58151F824203A
:1042F0000A20507151F82410DFF83CC0334681F891
:1043000010B00095DCF800C03A4621460220E04794
:10431000012000EB4400C0B242F21071F3F7D0FD6F
:104320002B46324639462046F3F798FD5046BDE805
:10433000F88F0000402100200000002070B50546E5
:104340000F48002650F82540207C012802D0022882
:1043500013D108E0284619B1FDF7E2FEA6720CE081
:10436000FDF79CFEFAE7284640F28930014601201D
:1043700000EB4500C0B2F3F7A3FD267470BD00004A
:1043800040210020052901D010207047F3F768BDB7
:10439000052901D0102070470721F3F7F2BCEDF793
:1043A00031BC2420704700002DE9F04100241F4655
:1043B00090460D460646032801D3012412E0A5B11C
:1043C0000C20EBF7E7FF90B10021076081600172DC
:1043D000084945603A4641F82600414630466B6838
:1043E000EDF72CFC2046BDE8F0810224FAE7032417
:1043F000F8E700004C210020032803D2024A52F8BB
:1044000020000172704700004C21002070B5002090
:1044100088B03E4D8DF80400461E0446CDF80000DD
:1044200055F8240000286AD0007A012867D16A462E
:1044300001A92046EDF78EFC864200D8304606469C
:104440009DF80400012804D0022816D0042840D189
:1044500013E055F824000068016821F480510160E0
:1044600055F8240021F0C0010068016055F82400CF
:1044700021F4C041006801602EE00098012855F841
:1044800024000068016821F4C04118D001F50051F2
:10449000016055F82400009A0168086862F38710EB
:1044A000086055F8241040F48050420709680860FD
:1044B00055F82410096805D420F0080004E001F53F
:1044C0008041E5E740F0080008606821204600F0E0
:1044D00097F89DF8040090B155F824009DF8041059
:1044E000009A40680368204698479DF80400012818
:1044F00001D0032803D16921204600F081F8641C13
:10450000E4B2032C8CD308B0304670BD4C2100209F
:104510000146034A0020914200D10120704700006B
:104520000100413010B500F025FE00F56164FFF791
:1045300038FF204410BD00002DE9F04707460879F8
:104540001D4690460E46000701D5686A28B1E86B03
:1045500018B1032F03D317253FE01B253DE04FF48F
:1045600096694846EBF716FF040014D04946ECF76D
:10457000AEF91B4804F28E4304F2812240F8274032
:10458000C4E90068277431463846A56000F0F6FD9E
:10459000050022D101E016251FE0206800794007C0
:1045A0006068016808D541F0080101603079012296
:1045B00000F00303114607E021F0080101603079A3
:1045C000002200F003031146384600F0F5FF307971
:1045D00000F00301384600F0BBFD2846BDE8F08737
:1045E00058210020054A52F820004268136861F300
:1045F0000C3348211360417470470000582100209B
:10460000F8B504460D46032813D20020094E009049
:1046100003460A46366821460920B047064829461F
:1046200050F824008068C26801B02046BDE8F04020
:104630001047F8BD000000205821002070B5054645
:10464000114850F82530022093F832401CB95C68BC
:104650002468E60401D4032070BDC4F30226032EAF
:10466000FAD16407F8D4452083F83200996158697B
:1046700062F3C4005861002083F833009868816AAF
:1046800028468847002070BD582100202DE9F14FB1
:104690008CB0F5490C980026F44F51F82040607C0E
:1046A00048282CD12046FDF76CFE2046FDF72CFE55
:1046B000206800221146007900F00303207C00F0FE
:1046C0007BFF6068016821F00801016020680279C1
:1046D000606862F301010160207C012100F01CFE92
:1046E000207C00F0C9FD3E226274A07C3E2806D0EA
:1046F000A274009600233D68217C0420A8476069CD
:10470000410306D520F480206061207C6421FFF7FE
:1047100077FF2046FDF72FFC8DF80C0003280ED004
:104720004FF0FF394FF0920B4FF4004A4FF003085F
:10473000606802250088C00403D44D46F0E30125DB
:10474000EEE36069810311D5A722627420F4003082
:10475000606184F83260A07CA72827D0A2740096FC
:104760000023D7F800C0217C0420E04794F83200F1
:104770000F2801D0142819D19DF80C00142805D059
:1047800014208DF80C002046FDF78AFB94F83220A7
:10479000627484F83260A07C904207D0A2740096C4
:1047A0000023D7F800C0217C0420E0479DF80C00CE
:1047B00011281DD160680078C0F3C00194F834005E
:1047C000C0F34010814213D114208DF80C00204614
:1047D000FDF766FB84F811B0A07C5A46922807D0FA
:1047E000A27400960023D7F800C0217C0420E04783
:1047F000607C432874D024DC412872D2DFE800F0CA
:104800005A4071F6F6F5717171717171717171F4CF
:10481000F3F27171F17171714040F0717140EF719B
:104820007171EE71717171404040EDEC4071EB407F
:1048300040EA71EAEAEAEAEAEAE940404040727195
:10484000E80086287ED025DC58287CD00DDCA0F13D
:1048500044011029D1D2DFE801F096A4CACF44C99F
:104860004413F4444444F34444F265286CD008DC17
:1048700059286AD0622803D06328FCD0642830D13C
:10488000DCE366287ED06728FAD06828F8D0742840
:10489000F5D1D3E392381628AFD2DFE800F015ED5A
:1048A000EDED2222ECEDEEEBEAEAEAEAEAEAEAEAE8
:1048B000EA2222E96068016821F010010160207C91
:1048C0005F21FFF79DFE09E06068016821F010019B
:1048D0000160A068416B09B1207C88474D46D7E351
:1048E0000FE0EBE361680868C204F8D500F003024A
:1048F000012A02D040F0200001E020F020000860F2
:1049000058E19DF80C00112838D1A08E01042FD455
:1049100010F4E04F2CD000F01F01012928D184F8B9
:104920006062616941F004016161C0F381110C981A
:10493000FDF7EEFAA08EA26BC0F302308300207C5C
:10494000A16803E090E377E2FCE2E8E1D1F818C067
:104950000421921CE047012020776068016821F063
:1049600010010160442060749DF80C00142805D0EB
:1049700014208DF80C002046FDF792FAE08B50458C
:1049800071D085E3F2E2A168207C6A460B6A04F1EB
:10499000180198470099606961F3C400606145207F
:1049A000B6E06169022000EA9130012100914622BF
:1049B000CDE9012004F11803022200212046FDF771
:1049C00071FE00288BD1606920F4004060615BE3D8
:1049D000C4E000E32EE3ECE2A3E259E16AE110E275
:1049E00026E182E0F0E0DCE04DE046E054E103A99E
:1049F0002046FDF773FF44E09DF80C001128BDD15F
:104A0000A08E0104BAD410F4E04FB7D100F01F001B
:104A10000628B3D114208DF80C002046FDF740FA8B
:104A200003212046FDF7BFFE207C1021FFF7E8FDA3
:104A300060680088000405D52068016803E09CE1F7
:104A4000DBE050E201210C9800F066FCA684207D9A
:104A5000C0F3C100032802D14AF22830A08484F8B0
:104A6000118000258AE7F3E0582100200000002093
:104A700000E3E8E24EE0F0E0E0E203A92046FEF7C2
:104A80005EFB054604E360680088000405D5A06865
:104A9000026B12B1207C002190476068016821F010
:104AA0001001016001212046FDF77DFE94F86002AF
:104AB00002280AD9207D400705D5A068406B10B1B7
:104AC00084F811B0B4E26674E2E2401C84F860023B
:104AD00005212046FDF74FFE48F2E830E083012231
:104AE00011462046FCF799FE11E06068008800043A
:104AF00005D5A068026B12B1207C002190470022EE
:104B000001212046FCF789FE48F2E830E0839B2033
:104B100060748DE2A0680021C26B0C989047012858
:104B200036D148F6E300E08369210C98FFF768FD71
:104B3000402060740025207C1321FFF761FD27E0F1
:104B4000062200212046FCF768FE94F86002022845
:104B50007ED9207D40071FD4667469E2A0680121D8
:104B6000C26B0C989047012812D12046FDF7D2FB6A
:104B7000052200212046FCF750FE68210C98FFF723
:104B80003FFD48F2F410E08343204FF4FA7560745F
:104B9000E08B5045D4D07BE2A068406B0028DBD08E
:104BA0008EE703231A46002120460096FDF74CFDB0
:104BB000002889D10120207748F2F410E0834320B7
:104BC0004FF4FA75607463E260680088C0F30220F5
:104BD00004283DD0009694F8311050230D22204631
:104BE000FDF732FD0028D6D184F81C8048F21B0066
:104BF000E0831B25207C3021A1E19DF80C001428C6
:104C00003FF430AF94F8300094F8311088427FF4CC
:104C100029AFA08E20F47E600328F8D101202077F0
:104C200048F2F410E08343204FF4FA7560749FE675
:104C3000022000904323072200212046FDF704FDB7
:104C40000028A8D10620207748F21B00E08300E06E
:104C500091E01B25207C0B2171E19DF80C001128AF
:104C600099D1A08E20F47E60062894D1207C2C213E
:104C7000FFF7C6FC84F811809DF80C00002514286D
:104C800089D014208DF80C002046FDF709F9FFE1CA
:104C90000323042200963DE0042806D02677042052
:104CA0006074207C2021FFF7ABFC03A92046FDF7B0
:104CB0008BFDE6E6A068816829B10C9888470A2830
:104CC00003D00D2823D02A2022E7A1680122207CCE
:104CD0004B6A002198475923032200212046009661
:104CE000FDF7B2FC0028D2D10820207760680622A8
:104CF000016841F010010160A168207C4B6A00212D
:104D0000984748F28430E0834FF46175C0E1032393
:104D10000C22009600212046FDF796FCB8E19DF894
:104D20000C00112819D1A08E20F47E60062814D121
:104D3000207F092805D0A1680922207C4B6A002128
:104D40009847532060749DF80C00142805D0142057
:104D50008DF80C002046FDF7A3F8E08B504596D166
:104D6000A1680F22207C4B6A00219847A068406B05
:104D700000287FF415AF0F20CAE604212046FDF776
:104D800012FDA1680A22207C4B6A002198476068C6
:104D9000007800F00300022802D1207C00F0BEFA67
:104DA00001212046FCF740FD207F092805D0A1689D
:104DB0000B22207C4B6A012198475B2306220021AD
:104DC00020460096FDF740FC48B9A1680C22207CE3
:104DD0004B6A0021984748F21400E0831425607C58
:104DE0005B2893D000212046FCF71EFDA168062217
:104DF000207C4B6A01219847A168207C07224B6ADE
:104E00000CE00220009058230A2200212046FDF7E2
:104E10001BFC30B1A168207C0F224B6A002198470F
:104E200036E10820207748F21B00E083A1681B25AB
:104E3000207C02224B6AF1E79DF80C00112837D143
:104E4000A08E010434D410F4E04F31D100F01F00E3
:104E5000032806D0042836D00C282AD0102827D1C1
:104E60003AE06068016841F01001016048F2843066
:104E7000E083207F4FF46175092805D0A1680622E0
:104E8000207C4B6A0021984704212046FDF78BFCCB
:104E9000207C3A21FFF7B4FB9DF80C00142805D0C4
:104EA00014208DF80C002046FCF7FAFF592060749E
:104EB000B9E0207C3B2108E014208DF80C0020464E
:104EC000FCF7EEFF0BE0207C1621FFF799FB9DF825
:104ED0000C001428F0D102E0207C1721F5E784F8BB
:104EE000118000259FE00B96A168207C0BABD1F8C8
:104EF00014C004AA0021E04704210B98FCF79CFC95
:104F000010B184F81180C3E00B9904AB8908CDE996
:104F100000180122029600212046FDF7C3FBB7E0EE
:104F200012E10121CDE9001804F12C0306220296BA
:104F300000212046FDF7B6FBD0BB207C5D21FFF7AA
:104F40005FFBA5E00220009066231422002120468A
:104F5000FDF77AFB60BB48F21B00E0831B25207C39
:104F60004A21FFF74DFB0B20207791E09DF80C00C4
:104F7000112858D1A08E010455D500F01F000C282F
:104F800051D1A168A26B04238D690A21207C121DD6
:104F9000A8479DF80C00142805D014208DF80C00AB
:104FA0002046FCF77DFF207C4B21FFF729FB96E78D
:104FB0003FE00220009094F85E2239230021204631
:104FC000FDF742FBA8BB94F85F022077207C4421C8
:104FD000FFF716FB58E09DF80C00142823D0A08E94
:104FE00000040DD52046FCF76BFE9DF80C0014283C
:104FF00005D014208DF80C002046FCF751FFE68305
:10500000A08E20F47E6010280DD184F811809DF8C8
:105010000C000025142805D014208DF80C00204623
:10502000FCF73EFFE683E08B504531D184F81180D8
:1050300000252DE02046FEF7B9F922E503A9204618
:10504000FEF7ACFA1DE503A92046FEF7A3FD0546D1
:1050500060680088000402D52068016800E0012132
:105060000C9800F059F913E09DF80C102046FDF75C
:1050700099FC0DE058231322002120460096FDF7ED
:10508000E3FA28B90920207748F21B00E0831B25AA
:10509000A07C627C904207D0A27400960023D7F8CF
:1050A00000C0217C0420E0479DF80C00142825D086
:1050B0002046FCF716FC152805D00EE003A9204673
:1050C000FDF7AAFCDDE49DF80C00142805D014209F
:1050D0008DF80C002046FCF7E3FEA07C627C904239
:1050E00006D0A274009600233D68217C0420A847C6
:1050F000606920F400506061FFF71ABB60698104A9
:105100001DD5A08A400407D5207C5B21FFF778FAE3
:10511000606920F48040606184F81180A07C424680
:10512000032806D0A274009600233D68217C042049
:10513000A8476069012520F40050606104E020F474
:1051400000506061002DD7D00DB02846BDE8F08F2B
:10515000074A10B552F820309C8A61F387149C826C
:1051600052F82000C28A61F38712C28210BD00008B
:10517000402100204FF46A70704700002DE9F84F7D
:1051800081464FF49C7A1E4617468846162550469F
:10519000EBF700F9040019D05146EBF798FB0F220A
:1051A0000321A01DEBF761FB0A49012004F1300245
:1051B00041F82940C4E90A76009098F804000649AD
:1051C000C0F380034846F2F7F4FD05462846BDE8E3
:1051D000F88F000040210020A45E0108F2F713BE02
:1051E00030B5134C54F82020D58B938BED0A43F443
:1051F00004436D1C65F3CE236FF308039383538A36
:1052000092F8205043F4004365F30403538254F8AA
:10521000200000234371907C0870508A000A487077
:10522000107F8870908B000AC8700B714B7130BD75
:105230004021002010B50F4C54F82000848B24F43A
:10524000806444F4004461F3CE2462F30804848350
:10525000418A90F8202041F4004162F30401418228
:105260001970418A090A5970017F9970808B000A70
:10527000D87010BD4021002070B506460C480025AE
:1052800050F82640657125702571E57225736573A8
:105290000F220321A01DEBF7E8FA84F825503046D1
:1052A000AFF300803046BDE87040F2F75DBD00000E
:1052B000402100202DE9F843154F0546002657F8F8
:1052C00025408846E670E672267366730F22032136
:1052D000A01DEBF7CAFA57F82500467100960D4E4F
:1052E00000234246366829460220B0472846F2F796
:1052F0002EFD41462846F2F7A5FD05202071E078F5
:10530000012802D020790028F9D1BDE8F8830000F7
:105310004021002000000020F2F798BDF2F7B3BD55
:105320002DE9FF4F0446A24D81B0894655F82470FF
:10533000DDE90EB07979032619B1797A09B90F231D
:105340007B7197F805C0012303EB44014FF0000A7D
:10535000BCF1110F74D2DFE80CF0091B25732C4847
:10536000358F737397ABC3D373F0EF00EFF31088EF
:1053700072B62046FCF74EFE08B9B87A28B187F815
:1053800009A000BF88F3108811E0FF207872F9E7C8
:105390002046F2F778FD55F82410022048711320BA
:1053A000787000E1012802D17878B0B108E00620D9
:1053B000BEE00228FBD12046F2F725FD01280CD0E3
:1053C0000926F0E007EB4901897CC1F3811102292C
:1053D00003D1012803D0022805D00520A8E055F804
:1053E00024004371DFE00420A2E007EB4900D30969
:1053F000418AD44662F3040163F3CF31418287F8D6
:1054000002A0418A0B041CD504998B78C97803EB60
:10541000012189B2B9834B0509D411F4F04F18D199
:10542000ABF104037B8463F30801B98311E0A7F8AF
:1054300022C0418A21F4E04101F58051418208E017
:10544000ACE0ABF102039B0863F30E314182A7F895
:1054500022C00D2A0ED1408A01040BD410F4E04F73
:1054600008D107EB09000F2280F80BC00321B81DFB
:10547000EBF7FBF907205BE05B4649462046049AC0
:10548000FEF7A2FE06468EE0EFF3108772B655F8DF
:10549000240040790A2808D1C8B2F2F702FD012899
:1054A00003D155F824100D20487187F310887AE055
:1054B00007EB09017A8BC87AC2F34223984203D1E1
:1054C00002F01F02012A01D00D2031E0401C00F043
:1054D0000700C87255F8241081F805A0052662E07F
:1054E00007EB0900C17A491C01F00701C17255F8A8
:1054F000241081F805A0B88B20F4F840B883EDE7BC
:10550000B878401CC1B207EB4900B970428AC2F3B7
:105510008110012812D00220120406D5BA8B130480
:1055200003D4C2F308021A2A0AD8814208D81020EC
:1055300055F82410487136E00FE029E00320EBE72E
:1055400055F8241081F805A007EB0900C17A491C21
:1055500001F00701C172072625E055F824200A2032
:10556000507102203874C8B242F21071F2F7A8FCF0
:10557000FB8949462046049AF2F770FC21460D4CFF
:10558000CDF800B04A4624680220049BA0470AE0F8
:1055900055F8241081F805A0062604E055F82410DB
:1055A00081F805A0102605B03046BDE8F08F000058
:1055B000402100200000002070B5094D55F8206002
:1055C000748A61F30824748255F8201062F345143C
:1055D0004C8255F8200063F38714448270BD0000AC
:1055E00040210020034A52F82000428A61F345120C
:1055F0004282704740210020034A52F82000428A2C
:1056000061F308224282704740210020034A52F889
:105610002000428A61F387124282704740210020B5
:1056200003B401984100009850EAC12018BF04203B
:105630004A0D18BF40F0010040F2FF72B2EB515F1B
:1056400008BF40F00200012808BF052002B07047E3
:105650004100080218BF04200A0E18BF40F00100E4
:105660004FF07F4232EA010108BF40F002000128FA
:1056700008BF05207047000010B510EE100A2DED90
:10568000068BB7EE001A10EE901AB0EE418A002297
:10569000A0F5000CDFEDFE9A4FF00073BCF1FE4F59
:1056A0004FF07F4403EB410C80F0B481BCF1804F9C
:1056B000C0F02082F74901449FEDF73AB1F5005F51
:1056C00040F2D48200F58021CB0C03F00F0101EEF3
:1056D000901AC3F307137F3BA0EBC350B8EEE12A47
:1056E00000EE100A1A44DFEDED2AF0EE411A42EE08
:1056F000221AF0EE613A70EE232A30EE632A12EE9F
:10570000900A00F500606FF30B0001EE900A73EE53
:10571000E13A33EE804AC1EE223A22EE230A10EE3D
:10572000100A00F500606FF30B0000EE100A00EEA7
:10573000612A00EE442A62EE232A70EE221A21EE3C
:10574000A12ADFEDD73A02EE233A23EE023A20EE09
:10575000012A22EE811A03EE211A32EE010A10EE1E
:10576000100A00F500606FF30B0000EE100A72EEF5
:10577000401A31EE812A9FEDCB1A60EE011A9FED9F
:10578000CA1A20EE011A9FEDC90A02EE001A31EE84
:10579000810A10EE100A00F500606FF30B0000EEB6
:1057A000100AC34871EEC01A31EE812A784400EB2A
:1057B000C10090ED003AD0ED011A100101EE100A7F
:1057C000F8EEC12A32EE211A31EE001A31EE031A38
:1057D00031EE221A11EE100A00F500606FF30B0093
:1057E00009EE100A39EE621A31EE431A31EE400A20
:1057F00030EE610A32EE40AA10EE900A002100F568
:1058000000606FF30B0008EE900A084670EEE8AAFD
:105810004FF0000029EE280A00F00C01F0EEC00A5B
:1058200010EE900AB0F18B4F0DDD10EE900AB4EB44
:10583000400F08D310EE100A4FF08B4262F31E00A7
:1058400008EE900A13E069EE2A0A38EEAA1A4AEE28
:10585000010A30EE201A11EE100A00F500606FF315
:105860000B0008EE900A30EE680A70EE209A0C20C9
:105870004FF0000038EEA90AB5EEC00AF1EE10FABA
:1058800034BFFEEE000AF6EE000A30EE800ABDEEEE
:10589000C00A10EE100A011100EE101AF8EEC00A4C
:1058A00000EE100AB8EEC00A38EEC00A30EE290A3F
:1058B000DFED801A9FED801A00EE211ADFED7F1ACE
:1058C0007F4900F00F0040EE011A21EE800A794472
:1058D00001EB800191ED001A7A49794401EB8001D6
:1058E000D1ED001A784901EE801A794401EB80006D
:1058F000764990ED000A31EE001AB0EEE00A10EEA3
:10590000100A884215DA10EE100AB4EB400F10D3DB
:105910009FED6F0A30EE800ADFED6E0A20EE200A5E
:1059200068EE010ABDEC068BBCEEC00A20EE200A30
:1059300010BD10EE100A6849884243DA10EE100AD2
:10594000B4EB400F3ED3BDEEE00A68EE010A10EE64
:10595000100A00EBD0725110C90501F17E5100EE22
:10596000101AA0EB6200C00560EE200A00F17E5024
:1059700000EE100A60EE808A18EE900AB4EB400F39
:105980000FD10220EBF72BF800F0BEF910EE101A41
:1059900018EE100ABDEC068B61F31E0000EE100A33
:1059A00010BD18EE900A400011D018EE900AFFF7D3
:1059B0004FFE042808BF00F0AFF9B0EE680ABDEC56
:1059C000068B10BDF5EEC00AF1EE10FA0FD20220E0
:1059D000EBF705F800F0A0F910EE101A18EE100A17
:1059E000BDEC068B61F31E0000EE100A10BD022014
:1059F000EAF7F5FF00F088F910EE101AB0EE480A49
:105A000010EE100ABDEC068B61F31E0000EE100ACA
:105A100010BD00BFBCF1804F6CD300BF00F1FF434D
:105A2000B3F1FE4F24D200BFB0EEC00A10EE100A50
:105A3000C1F3C7537F2B0DDB972BBFF63BAEC3F1F2
:105A400096034FF0010C0CFA03F3A3F1010C1CEACE
:105A5000010F08D00120EAF7C2FFBDEC068BBDE8BC
:105A6000104000F049B90B4218BFBFEE008A21E692
:105A700043001CBF4FF08073B3EB400F34D96FF07D
:105A80001A02DFED161A20EE210A10EE100A27E0A6
:105A900000000000001080C0ABAAAA3E0000803DBC
:105AA0007EE24C3E00B03842D49AB8BB3BAA3842A2
:105AB00020070000FC596337C9FF753A1872313D61
:105AC000BE060000F2060000620600000000FC4274
:105AD0000000FE420000004B000040430000004D6B
:105AE00010F0004FA0D1E5E5A0F50003B3F1FE4FA3
:105AF00021D2DFE503EB4103B3F1007F11D3F5EED3
:105B0000C00AF1EE10FA05D1430018BFB4EB400F04
:105B100076D883E701F0004141F0FC5100EE901A85
:105B20007CE7B3F1807F06D210EE903AA3F5000334
:105B300000EE903A72E720F000426FF0FF4C604CAC
:105B400002EB0C03A34210D321F000439C44A44574
:105B50000BD3B0F17E5F18BF5FEA410C50D0B2F1B9
:105B6000FF4F98BFB3F1FF4F05D9BDEC068BBDE8E1
:105B7000104000F0BDB8B0F1FF4F0FD0C1F3C752D5
:105B80007F2A09DB972A11DAC2F19602012303FA70
:105B900002F2531E0B4205D0002208E011F0004F24
:105BA00055D128E00A4218BF012200D1022210F587
:105BB000000F13D028B3B0F1004F26D010F1814F61
:105BC0004FD04FF0FE42B2EB400F94BF01200020B7
:105BD000012202EBE171884239D10CE011F0004F53
:105BE00002D0012A38D032E0012A02BF9FED350AE7
:105BF000BDEC068B10BD9FED340ABDEC068B10BDCD
:105C00002FE011F0004F0CD121E0B1F1FF4F1ED079
:105C100011F5000F05D011F0004F15D00AB1012A7F
:105C200008D00220EAF7DBFEBDEC068BBDE8104091
:105C300000F054B80220EAF7D2FE00F04FF8BDECB5
:105C4000068BB1EE400A10BD0AB1012A04D0B0EEB5
:105C5000690ABDEC068B10BDBDEC068B9FED1B0ADF
:105C600010BDBDEC068BB7EE000A10BD30EE410A48
:105C7000B5EE001A9FED172A00EE413AB6EE001A73
:105C800060EE001A00EE431A61EEC11A9FED101A81
:105C900020EE011A20EE020A9FED0F2A01EE820A81
:105CA00071EE001A11EE900A00F500606FF30B0020
:105CB00009EE100A31EE491A31EE00AA9CE5000007
:105CC000FFFF3F00000080FF0000807F0000008099
:105CD00000B0B841D49A38BB3BAAB841DFED030A03
:105CE000B7EE001A81EE200A7047000000000000A5
:105CF00030EE200A70470000DFED020A80EEA00AB5
:105D000070470000000000009FED020A20EE000A2C
:105D100070470000000000709FED020A20EE000AAC
:105D2000704700000000001030380A2801D201201E
:105D3000704700207047000010B500290AD008788D
:105D4000002807D005487844EBF7E6FD002801D08D
:105D5000002010BD0248784410BD0000E62000007D
:105D6000DE20000010B500290AD00878002807D0EE
:105D700005487844EBF7D0FD002801D0002010BD85
:105D80000248784410BD0000D6200000CE2000005C
:105D90000808A0F500114FEA3101704743004FEAAF
:105DA000D30C4FEA3C0C43401FBF40070CF160513D
:105DB00013F0FE4F70471CF0006F03D10CF0004150
:105DC000002070470CF0004343EA507040EACC00DA
:105DD00010B500F00EF800BF000000924FEA00017D
:105DE000FFF7D6BF4FF00041A1F500214FF00000B2
:105DF00070470EF1020E2EF0030E5EF8044B2442A3
:105E000004D44FEA4102B2F17F4F11D84FEA400368
:105E1000B3F17F4F0CD80ED14FEAD07C0CEB4C0C79
:105E20000CF1020CB2F17F4F08BF4CEBD17C04E0C7
:105E30004FF0080C01E04FEAD17C0CEB4C0324FA44
:105E400003F404F00704B4F1040C06D20EEB840C46
:105E5000BDE810404CF0010C6047DFE80CF007088B
:105E600002024FF00040A0F5800010BD084642003D
:105E700018BFD2F1807288BF00F0004010BDF1EE73
:105E8000100A4FF6FF71C0F2C03120EA010040F065
:105E90004070E1EE100A7047EAF7FEBEEBF732B849
:105EA000010000003D3E0108694101085941010817
:105EB000333E01083D430108373E01080400000855
:105EC00000000000000000020001000010000000BF
:105ED00000000000000000000000B33FB2BE7D3AA9
:105EE00000002E40DFCF513800007E40BF51FABA8B
:105EF00000E0A44019DAC3BA00E0C840C2ED8AB994
:105F00000040EB40CD1F2CBA001006412AFFFABA20
:105F100000C01541DFCFD13700D024419A97703AA5
:105F20000050334189478E3600404141E75B9D3840
:105F300000B04E41C00A98B900A05B41558F943A19
:105F400000306841DA92C0BA0040744162B3C63A88
:105F50000000803F00A0853F00908B3F00C0913F34
:105F60000030983F00F09E3F00F0A53F0050AD3F4D
:105F70000000B53F0000BD3F0060C53F0020CE3FA0
:105F80000040D73F00C0E03F00C0EA3F0020F53F9F
:105F9000000000007D36AC397D3C3839EBDCF4384C
:105FA000320A7E39124C26399B6AED39A4EE8339C8
:105FB0007F661E39F6398A392B426539A482113938
:105FC0005B991F39C3EECD39DDE7C637A5A22F395E
:105FD0000000803FC3AA853FC2958B3FD3C3913F4A
:105FE000F037983F32F59E3FD7FEA53F3F58AD3F73
:105FF000F304B53FA408BD3F2A67C53F8C24CE3FBC
:10600000FD44D73FDFCCE03FC7C0EA3F7D25F53FE9
:10601000303132333435363738396162636465661E
:1060200078700030313233343536373839414243B5
:1060300044454658500000000000000000000000E9
:1060400030313233343536373839414243444546AE
:1060500040305800303132333435363738396162A8
:10606000636465664030780002400000000000A0D4
:106070000000000005400000000000C80000000013
:106080000C4000000000409C00000000194000008F
:106090000020BCBE0000000034400000BFC91B8EC1
:1060A00000000004B5400000504BCFD06607E2CF9F
:1060B000010000006C4100003E8251AADFEEA734CF
:1060C00001000000D9420000DCB5A0E23A301F9781
:1060D000FFFFFFFFB4450000FD25A0C8E9A3C14FA5
:1060E000FFFFFFFFFF3F00000000008000000000F6
:1060F000FF3F0000000000800000000001000200DF
:106100000400060008000A000C00100020004000F7
:1061100080000001E17700087D78000800000000A1
:10612000CD780008000000002D790008A77800084D
:10613000A9780008397A0008000000008579000875
:1061400000000000E57C00080000000000000000E6
:106150009F780008A3780008D178000800000000AC
:106160005204E50BE50BE50BE509D409D40951030D
:10617000C409E50B545492BE5ED9DA849C1C00001D
:106180000051233500508EE70600E8954D60DCCEC7
:10619000EE4C95DDE99C03D3598D00C9DEEDAD7061
:1061A000EBCAAE08903DCB0000CCD10A0000000045
:1061B0000052030000E60900B3FFDF04F9EBEB0B2C
:1061C000EBE73901F8FE090080FECF0400E5FD0C85
:1061D00063E5C94DEBEBEC0BB3FFCF0400E5090021
:1061E000302500302590EF6E40BD019DC11ADB04C3
:1061F000D03AADE90800E7DFE70B000000C33D45FA
:106200000000A07EEDBF01609ED8745D40CD825D30
:10621000D815EB05C3FF09000083490000D4FF6EC9
:1062200000907EE50B00E977AE0050EEDF0410FA37
:10623000DF5338F98ABEEBB54D90FF0BFA19E7AF83
:1062400030FCFFBC8E0054040002000054A24DD963
:10625000940C0000509EA04ED20CE509E608E80818
:10626000E508D40AC01C906E30AD0000EA05E50ACE
:10627000C02D905E806E807E805EA04DC10CE608D1
:10628000DA03000010350094AC07B4DF07D6DD0A4E
:10629000306B00000082060000D4090053E65A0467
:1062A000F8FFFF0C00D4090000D4090000510300DE
:1062B000C409E50B800AD606320000005455B3FF2E
:1062C0009F000000C607F80900510400E50A00E835
:1062D0000600DC0340AE00808E00B04D00D30C0001
:1062E000E70800EA050000000094380080FEEF0691
:1062F000D33DE61CE709B05EF908905EE906908F91
:10630000E908905EE709C05ED35DE80B60FEDF043C
:1063100000521500005401C4DF04EBDD0425DB044A
:1063200000DB0400DB0400DB0400DB0400DB040012
:10633000DB04000020971600D4FFCF03EA08EA0729
:106340003000E8080010EB0500909F0000E81B00FB
:1063500060CE0300E67E5504FBFFFF0B535555034B
:10636000F8FFFF080060CE0300D53C0040ED5A0066
:1063700030CCEE070000E50C5102D10CF92AF80AE6
:10638000A1FFCF04005304000030550100B0DF042A
:1063900000E6DE0410DCDB04808EDB04D32CDB049F
:1063A000E959EB26FCFFFF5E5455EB260000DB04A9
:1063B00040555503D4FFFF08D40B0000E509000049
:1063C000E5EC8D01E6CEFD095104D30C4001D10C62
:1063D000F92AF80BB1FFDF04005304000040250048
:1063E00000E51C0010EB060070AE0000C2EFBE031B
:1063F000E7AEFC0BF907C14DE906B04DE73BE71CE2
:10640000A1FFDF0500531500545555C2FFFF5E0084
:1064100020DD0200E70900B14E0060BE0000EB067F
:1064200000E41C00908F0030DD0300000094380071
:1064300090FFEF08E52CD40CE50BD10CA0BEEC08C6
:1064400090EEEE06E60AC24DE907905EE73BD54EB8
:10645000A1FFEF070053250000952800C3FFEF06BA
:10646000F81AE60CEB05C04DEA07D33DE5CEFD0B6F
:1064700060DCEE060060BE0000C25E0000F90900AC
:10648000C607F809000000000000C607F809000070
:10649000C409E50B000000000000C409E50B800AF8
:1064A000D6063200000000020000C50B00B4EF0762
:1064B000B3EF1800F84D000071FE4B000092FE0A89
:1064C0000000A20AC6CCCC0AC6CCCC0A0000000050
:1064D000E7EEEE0C9599990812000000E8290000FB
:1064E000B4EF180000B4DF070010F90B10E8BF0488
:1064F000D5CF0400C706000030980470FEFF08DB0B
:1065000044CD0002D40C00C36E00A06E0000CC008D
:106510000040040030BB0300D44D0000004098163A
:106520000000C3DFEC7E00C34D00A16E805EFACE9A
:10653000C90BCBE7799EC9B09B4ED1991DCBE6BC68
:10654000CEBC805ED87CBB03C26D00520000B3EFAE
:10655000FE4C000020550300000000000040250014
:106560000020FD080000E7BF0000B0BE5E0040BD97
:10657000E70900E838CD01C0FFFF6E50BE55E80ABC
:10658000E90720DDC23D00A07E0000005355350024
:1065900080FFFFAF01F809C47E809F00E907F89CE7
:1065A000EB3C80EFFEAE03F80981AE809F00D40C77
:1065B000F85AC7AF80FFFFBE0300000000508903F8
:1065C00000C4FFFF09C19F31DB65BE000000E90781
:1065D0000000905E000000E908000060BE0120029B
:1065E000B0AF63ED06B3FFEF0800305502000000C6
:1065F0005355350000F8FFFF4C00F809A4CF03F80D
:106600000900FA08F80900E60AF80900D40BF809AD
:1066100000E60AF80910EB07F85AC7BF01F8FFEFC8
:106620002A00000053555504F8FFFF0CF80900003C
:10663000F8090000F89C9906F8EEEE09F809000048
:10664000F8090000F85A5515F8FFFF4D5355550449
:10665000F8FFFF0BF8090000F8090000F85A55038D
:10666000F8FFFF08F85A5503F8090000F809000080
:10667000F80900000050890300D4FFFF09C28F31E0
:10668000DC74AE001002E9070000905E90FF8FE915
:106690000753E968BE00808EB1AF53ED07C3FFEF2B
:1066A000080030550100000053030053829F009002
:1066B0005EF80900E9859F00905EF89C99EC85FFE3
:1066C000FFFF5EF80900E9859F00905EF80900E988
:1066D000859F00905E0000005303F809F809F8094F
:1066E000F809F809F809F809F809F809003035003F
:1066F00000F80900809F0000F80900809F0000F862
:106700000900809F1003F809DCB57E70FEBF0130E0
:106710004500000053033055819F30EC08F839ECF8
:1067200008809FEC0800F8EE080080FF9F0000F84A
:10673000CA8F00809FD46E00F809E64D809F00F854
:106740003C00000053030000F8090000F8090000B5
:10675000F8090000F8090000F8090000F809000035
:10676000F8090000F85A5504F8FFFF0C5303000025
:106770005482CF0200D35EF88F00A0EF85EE4D600B
:10678000EE5EE8E91ADCEA858EEAFA995EE848FDF1
:106790002CE9858E806D905EE8080000E9858E000A
:1067A00000905E005303005383CF03908FF8AF0037
:1067B000F988EF6E908FF8DA3CF9889FE8998FF8A6
:1067C00019EBFB889F40ED8FF80980FF889F00B18F
:1067D0008F000000006189030040FDFFAF01C28E01
:1067E00031FB08E70A00D41CE90700B04DE90500B9
:1067F000B05EE90700C04DE60B00E50CB1AF53FDFC
:106800000730FCFF8E000030550100005355250075
:10681000F8FFFF1AF809C57EF809609EF809809F05
:10682000F8CDFD4DF8CDAC03F8090000F8090000E3
:10683000F8090000006189030040FDFFAF01C28E2E
:1068400031FB08E70A00D41CE90700B04DE9050058
:10685000B05EF90710C24DE60BC3EC0CB1AFA3FF5D
:106860000730FCFFFF09003055C33C000000200149
:1068700053552500F8FFFF09F809D56EF809809FE8
:10688000F809B37EF8FFFF1BF8ACCE01F809E90860
:10689000F809D33DF80980AF00953800C3FFFF0920
:1068A000E919C34DEA062001E79E030070FDDF05EC
:1068B0000030E93D5300905EFB39D64EC3FFEF0731
:1068C0000053150054555535FCFFFF8F00E50B00B4
:1068D00000E50B0000E50B0000E50B0000E50B00F8
:1068E00000E50B0000E50B0000E50B00530300542E
:1068F000819F00B04DF80900DB849F00B04DF8097E
:1069000000DB849F00B04DF80900DB54AE00D21DBF
:10691000D27EA3AF00E6FFCF030040450000000099
:1069200045000053C34E00A06EE80830DD42CE00A3
:10693000E709B05EB05E00E739CD0030CDE8080071
:10694000A0CE4E0000E6BF000010FC0700000000D3
:10695000450040150053C33D40ED06B05EEA06E633
:106960009F30CD709E90EE0CE609E50CCCEA957E4A
:1069700000DCE5798EDC0490AE6ED4DB0C00E6DD45
:1069800003EC9E0030FD0B90EF0600B08F00E62D6B
:10699000000000005403105571BE01F909B07EE5F6
:1069A0003C00D4BD6E0000F79F000050EE070010C1
:1069B000EBCE0300F88AAF00D43DC16EB08F00E685
:1069C0003C00000055011055A17E00E70BE51CC1FD
:1069D0005E00E9789E0030CDDC030080FF080000F7
:1069E000D11D000000CC000000C00C000000CC0055
:1069F0000000000054555515FBFFFF4D0000F80A3C
:106A00000040DD0300B17E0000F80A0050DE030004
:106A1000B16E0000F95A5525FCFFFF5EC0FF08BCAF
:106A200000C00B00BC00C00B00BC00C00B00BC00D1
:106A3000C00B00DC59C0EE074500D00C00EA057021
:106A40008E00D30C00DB04808E00E40A00DC03908F
:106A50006E000000FD5E00E805805E00E805805ED7
:106A600000E805805E00E805805E80EB05ED5D00D6
:106A700060CE01C1ED08E8B63D784059555545FE58
:106A8000FFBF00009403E809802B000060DC3A504F
:106A9000CEFB1C2001DB14D9FE4DF99CDDB45ED485
:106AA0004DE7FFDE0453030053030000E808000035
:106AB000E8080000E8C98C01F8DFFD09F80AD33DB9
:106AC000E807B04DE808C04DF84CE70BE8FDDF05DE
:106AD0000040250040CB5B40EDEC6EE90764B14D12
:106AE0000000EA050070BE925CA1FFBF03304500C4
:106AF000000040040000C00C0000C00C50CBC80CCB
:106B0000E5CFFE0CE907E50CDB04C00CEA05D20C6E
:106B1000E73BFA0CB1FFEE0C0054030040DB6C4085
:106B2000EDDA6EE907E5BAFFFFBFEB575573AE61CB
:106B30006CA1FFCF0430450030CA06FC8DD40BB0E9
:106B4000EE6CFDEF47BD00D40B40BD00D40B40BD43
:106B50000000000050CBA80AE5CFFE0CE907E50CC9
:106B6000DB04C00CEA05D30CE74BFA0CA1FFDE0CEA
:106B70000054D30BD729E909B2FFBF03005102002B
:106B800053030000E8080000E8080000E8C98D0190
:106B9000F8CEFE07E808E609E808D409E808D409B1
:106BA000E808D409E808D409A405F70A4001C40795
:106BB000E509E509E509E509E509E509B406F70A86
:106BC0004001C407E509E509E509E509E509E50925
:106BD000E509E908DF041500530300808E0000E892
:106BE0000800808EA16CE8B89F80DE9E00F8DF036D
:106BF00080BEBE01E8989F808EC16E005303E808F6
:106C0000E808E808E808E808E808E808E808E65EB0
:106C100030250000C6C85CC86C80EFECEEEC4DE897
:106C200008F908E9858E808E805EE808E808E88526
:106C30008E808E805EE808E808E80500C6C88D01F1
:106C4000F8CEFE07E808E609E808D409E808D40900
:106C5000E808D409E808D40940DB5B00D4CEEE068E
:106C6000E907E50BDB04C00CEA05D30CE82AF909B7
:106C7000A1FFCF0300530400C6C88D01F8DFFD0952
:106C8000F80AD33DE807B04DE808B04DF84CE70BE3
:106C9000E8FDDF05E8482500E8080000E8080000F6
:106CA00050CBA80AE5CFFE0CE907E50CDB04C00CCD
:106CB000EA05D20CE73BFA0CB1FFEE0C0054C30C12
:106CC0000000C00C0000C00CC6A78BEEAEF81B8005
:106CD0008E00E808808E00E80800000081CC18F9DA
:106CE000CCAFEB0635E6DF2920C7AFD944CDE6FFB0
:106CF0007E205503A00900BC00EBCED7FF9EC00B41
:106D000000BC00C00B00CC02A0FF09403500000011
:106D1000C704C407E905E509E905E509E905E50949
:106D2000E906E509E72AFA09C3FFED091055010054
:106D30009B00C4B94E907EE818DC32CDE509A0AEC8
:106D40005E00E6BF0010FC08000000009B10BA02C5
:106D5000B9C43DE56ED21CE986EE699E509ECBCC4F
:106D6000E906C1DC99CE2D00F96EE6AF0050DE23B6
:106D7000ED060000B904C867BEE51B90DE4D00C1FA
:106D80008F0070FE1B40CDF909EB16EC06000000E9
:106D9000AB00B3B94E808EE709DB34CDE50BA0AE76
:106DA0006E00E5DE0200FC0900B04E0050BE00009F
:106DB000E9070000C9CC9CA0EEFE0A00D44D00C338
:106DC0006E00909F0080BE0100FCFFDF445555150A
:106DD00040FD08E928905E00E905D72DD08E00B16E
:106DE0004D00E905905E00E75C10C807E8888EE872
:106DF000888EE8888EE8888EE8888ED707000000A5
:106E0000ED0840CD00B00C00DB02909E03D48FA0B3
:106E10005E00CB00B00C90BE00BC0400927CA59438
:106E2000DFFF4D52504800005C6101080500010081
:106E3000200000000D0000006061010804000A004D
:106E40002100000003000000746101080500040037
:106E500022000000020000008061010809000A0011
:106E60002300000003000000B061010808000C00CE
:106E70002400000002000000E06101080B000A008D
:106E800025000000030000001862010809000B0043
:106E900026000000030000004C620108030004000B
:106EA00027000000020000005462010804000B00EB
:106EB00028000000030000006C62010804000B00C1
:106EC000290000000300000084620108060005009C
:106ED0002A00000003000000946201080800070077
:106EE0002B00000005000000B0620108040005004E
:106EF0002C0000000B000000BC620108050002002D
:106F00002D00000007000000C46201080400020018
:106F10002E0000000B000000C862010806000A00F5
:106F20002F00000003000000E862010808000B00C9
:106F300030000000030000001463010806000A008E
:106F400031000000030000003463010808000A005B
:106F500032000000030000005C63010808000B0021
:106F600033000000030000008863010808000A00E5
:106F70003400000003000000B063010808000B00AB
:106F80003500000003000000DC63010808000B006E
:106F900036000000030000000864010807000A0032
:106FA00037000000030000002C64010808000B00FB
:106FB00038000000030000005864010808000A00BF
:106FC000390000000300000080640108040007008D
:106FD0003A000000060000009064010804000A0066
:106FE0003B00000006000000A4640108080008003F
:106FF0003C00000004000000C46401080800050013
:107000003D00000006000000D864010808000800E8
:107010003E00000004000000F864010807000A00B8
:107020003F000000030000001C6501080B000B007E
:1070300040000000030000005C65010809000A0030
:1070400041000000030000008C65010809000A00EF
:107050004200000003000000BC65010809000B00AD
:107060004300000003000000F06501080A000A0068
:1070700044000000030000002466010808000A0024
:1070800045000000030000004C66010808000A00EB
:1070900046000000030000007466010809000B00B0
:1070A0004700000003000000A866010809000A006C
:1070B0004800000003000000D866010804000A0030
:1070C0004900000003000000EC66010807000B0007
:1070D0004A000000030000001467010809000A00CC
:1070E0004B000000030000004467010808000A008C
:1070F0004C000000030000006C6701080B000A0050
:107100004D00000003000000A467010809000A0008
:107110004E00000003000000D46701080A000B00C5
:107120004F000000030000000C68010808000A007E
:107130005000000003000000346801080A000C0041
:1071400051000000030000007068010808000A00F8
:1071500052000000030000009868010808000B00BE
:107160005300000003000000C468010808000A0082
:107170005400000003000000EC68010809000B0047
:1071800055000000030000002069010809000A0002
:107190005600000003000000506901080D000A00BD
:1071A00057000000030000009469010809000A006C
:1071B0005800000003000000C469010809000A002B
:1071C0005900000003000000F469010808000A00EB
:1071D0005A000000030000001C6A010805000B00B3
:1071E0005B00000003000000386A010805000A0087
:1071F0005C00000003000000546A010805000B0059
:107200005D00000003000000706A01080600040031
:107210005E000000030000007C6A01080600020016
:107220005F0000000D000000846A010804000300F4
:1072300060000000030000008C6A010807000800DD
:107240006100000006000000A86A010808000B00A9
:107250006200000003000000D46A01080700080073
:107260006300000006000000F06A010808000B003F
:1072700064000000030000001C6B01080700080008
:107280006500000006000000386B010805000A00D8
:107290006600000003000000546B010808000B00AA
:1072A0006700000006000000806B010808000A006B
:1072B0006800000003000000A86B010804000A0039
:1072C0006900000003000000BC6B010804000E0010
:1072D0006A00000003000000D86B010807000A00E4
:1072E0006B00000003000000FC6B010804000B00B1
:1072F0006C00000003000000146C01080B00070084
:107300006D000000060000003C6C0108080007004A
:107310006E00000006000000586C0108080008001C
:107320006F00000006000000786C010808000A00E9
:107330007000000006000000A06C010808000A00B0
:107340007100000006000000C86C0108050007007D
:107350007200000006000000DC6C01080600080056
:107360007300000006000000F46C010805000A002C
:107370007400000004000000106D010808000800FF
:107380007500000006000000306D010807000700CE
:1073900076000000060000004C6D01080B0007009D
:1073A0007700000006000000746D01080700070068
:1073B0007800000006000000906D010807000A0038
:1073C0007900000006000000B46D01080700080005
:1073D0007A00000006000000D06D010805000B00D7
:1073E0007B00000003000000EC6D010803000B00AF
:1073F0007C00000003000000006E010805000B0087
:107400007D000000030000001C6E0108070003005F
:107410007E00000007000000247901080C00020033
:10742000A680E2000B000000FEF8E38F3FFEF8E3C9
:107430000F000000C03F00FE1FE0FF07FEFFC1FF7E
:107440003FF8FF8F7FFEF1873FFEF0C71FFEF8C3B6
:107450001F7FF8E30F7FFCE18F3FFCF1873FFEF0D9
:10746000C71FFEF8C31F7FF8E30F7FFCE18F3FFCCF
:10747000F1873FFEF0C71FFEF8C31F7FF8E30F7FC1
:10748000FCE18F3FFCF1873FFEF0C7FFFFF0FF1FDD
:10749000FEFFC1FF3FF0FF03FC7F00FF03001F0062
:1074A000C01FC03FE07FE0FFE0FFC1FF83FF07FF99
:1074B0000FFE1FFC3F387F30FE00FC01F803F00791
:1074C000E00FC01F803F007F00FE00FC01F803F0CA
:1074D00007E00FC01F803F007F00FE00FC01F803A3
:1074E000F007E00FC01F803F007F00FE00FC01F8A6
:1074F00003F007E00F000000C07F00FC3FC0FF0F5B
:10750000FCFF83FF7FF8FF0F7FFCE30F7FFCE18F21
:107510003FFCF1C71F00F803807F00F00700FE006A
:10752000E01F00FC01C03F00F803807F00F007006F
:107530007F00E00F00FE00C01F00FC01803F00F84C
:1075400003007F00F00700FE00C00F00FC01801F59
:1075500000F8FF1FFFFFE3FF7FFCFF8FFFFFF1FF3E
:107560003F000000C07F00FC7F80FF3FE0FF0FFC7A
:10757000FF07FFFFC11F7FF0C31FFCF0073FFCC1E7
:107580000F7F00C01F00F00700FC01007F00E01F1C
:1075900000FF03C0FF00F01F00FC0700FF03C0FF57
:1075A00000807F00C01F00F00700FC01007F00C0CA
:1075B0001F00F0073FFCC10F7FF0C31FFCF0077FE7
:1075C000FCC1BF7FF0FF1FFCFF03FEFF00FF1F8019
:1075D000FF03001F0000000000FC01C01F00F803B3
:1075E000007F00F00700FE00C01F00FC01803F008C
:1075F000F007007F00E00F00FC01C01F00F803004F
:107600007F00E00700FE7FC0FF0FF8FD81BF3FF065
:10761000F7077EFEE0CF1FFCF9831F7FF8E30F7FA3
:10762000FCE1FFFFFDFFBFFFFFF7FFFFFEFFDFFFF6
:10763000FF01E00F00FC01803F00F00700FE00C0EA
:107640001F000000FCFFC3FF3FFCFFC3FF3FFCFF28
:10765000C3FF3FFC00C00F00FC00C00F00FC00C0D7
:107660000F00FC00C00F00FC7EC0FF0FFCFFC1FF3D
:107670003FFCFFC3FF3FFCF9C70F7FFCF007007F13
:1076800000F007007F00F007007F00F0C70F7FFCCD
:10769000F0C70F7FFCF0C70F7FFCF9C3FF3FFCFF73
:1076A00083FF1FF0FF00FE07000F0000C03F00FF38
:1076B0000FF8FF81FF3FFCFFC3FF3FFCF9E70F7F9F
:1076C000FEF0E70F7FFE00E00F00FE00E00F00FE7F
:1076D0007EE0FF1FFEFFE1FF3FFEFFE3FF3FFEF9FD
:1076E000E70F7FFEF0E70F7FFEF0E70F7FFEF0E78A
:1076F0000F7FFEF0E70F7FFEF0E70F7FFEF0E70F52
:107700007FFCF9C3FF3FFCFF83FF1FF0FF00FE0774
:10771000000F0000FEFFE7FF7FFEFFE7FF7FFEFF99
:10772000E7FF7F7EF0E3873F00F803803F00F8012A
:10773000C01F00FC01C00F00FE00E00F00FE00E0D3
:1077400007007F00F007007F00F003803F00F80390
:10775000803F00FC01C01F00FC01C00F00FE00E0E4
:107760000F00FE00F007007F00F007007F00F80325
:10777000803F00F803803F00C03F00FE1FE0FF078E
:10778000FCFFC1FF3FF8FF077FFEF1873FFEF0C718
:107790001FFEF8C31F7FF8E30F7FFCE10F7FFCE1C2
:1077A000FF1FFCFF03FF3FE0FF07FCFFC0FF3FF8A8
:1077B000F3073FFCF1873FFEF0C71FFEF8C31F7FB2
:1077C000F8E30F7FFCE18F3FFCF1873FFCF0873F40
:1077D0007FF0FF0FFEFF81FF1FF0FF03FC3F00FE65
:1077E00001000000E03F00FF07F8FFC1FF1FFCFFA2
:1077F000E3FF3FFEF8E38F3FFEF0E30F3FFEF0E3D1
:107800000F3FFEF0E30F3FFEF0E30F3FFEF8E38F84
:107810003FFEFFE3FF3FFCFFC3FF3FF8FF037E3F58
:1078200000F003003F00F003003F00F003003FFEC4
:10783000F0E30F3FFEF0E38F3FFEFDE3FF3FFCFF71
:10784000C1FF1FF8FF00FF03800F0000B80B780096
:107850000000803F95960008B80B20030000803F91
:1078600095960008287401080A0007002E00000001
:1078700026000000347401081500290030000000C3
:1078800005000000A074010811002800310000006C
:1078900005000000F87401081500280032000000FF
:1078A000050000006475010816002900330000007F
:1078B00005000000D87501081500280034000000FC
:1078C000050000004476010814002900350000007E
:1078D00005000000AC760108140029003600000005
:1078E000050000001477010814002800370000008C
:1078F0000500000078770108150028003800000016
:1079000005000000E4770108140029003900000098
:1079100005000000B47901081B000700A680E20002
:1079200026000000B33BB33BB33BD44DD44DD44D04
:1079300040FF0180FF0280FF02D0FF07D0EB07E08D
:10794000EB0BE0EB0BF4D71FF4EB1FF8FF2FF8FF66
:107950002FFD417FFD417FFE00BF0000FE00BEFD08
:10796000417FFD427FF8822FF8822FF4C71FF4D7A2
:107970001FE0EB0BE0EB0BD0EF07D0FF0780FF021F
:1079800080FF0240FF0100002FBEF82EBEB87EBE71
:10799000BD7EBEBD7EBEBD7EEBBDBEEB7EBDEB7EC5
:1079A000BDEB7EBDEB7EFDE72FF8D72FF8D72FF884
:1079B000D72F0000FEFCF9F3E7CF9F3F7FFEFCF9D5
:1079C000F3E7CF9F3F7FFEFCF9F3E70F3079010823
:1079D0000C000E0041000000060000005C79010868
:1079E0000C000E0056000000060000008879010817
:1079F0000C000E0057000000060000000C7A010881
:107A00000C000400A680E20010000000BD7D7EBDD9
:107A1000BE7EBDBE7EBD7D7E000000000000000079
:107A20004DAD000801AE000800000000000000009D
:107A3000A1BE0008D5BE000899B60008B5B600087A
:107A400065BB00080000000000000000EDA3000876
:107A5000059D00087D9F000891AA00085398000822
:107A60007F990008F19600087D970008F19D0008B5
:107A7000B9A20008B9A40008A1A900086DA90008CE
:107A800041A900088BA9000857AA0008AFA4000864
:107A900081AC000865AA000835A9000800000000B4
:107AA00000000000010000000000000000000000D5
:107AB00000000000000000000000000000000000C6
:107AC00000000000000000000000000000000000B6
:107AD00000000000000000000000000000000000A6
:107AE0000000000000000000000000000000000096
:107AF0000000000000000000000000000000000086
:107B00000000000000000000000000000000000075
:107B1000000000000000000000000000697C010877
:107B200000000000A824002050000000A522002032
:107B3000000200000000000004000000020000003D
:107B4000080000000101010307010000080402040D
:107B5000080101010000000001020304286E010871
:107B6000600000000D00030004000000CC79010853
:107B70000400000014000600020000001A7C010846
:107B800000000000143500205C00000014250020D7
:107B900000100000080000000000000000000000CD
:107BA000F37C0108000000002C4100202C000000A4
:107BB00055706461746520766F6C746167652E2EF4
:107BC0002E0043616E6E6F742066696E64206D6175
:107BD00074636865642070646F2E0052657175650A
:107BE000737420686173206265656E2025732E00B2
:107BF00050455F300050455F3100434144005245DD
:107C00004A4543544544004143434550544544008C
:107C1000757362546872656164006775695468724F
:107C200065616400544D50313032207265616420CA
:107C30006661696C656400544D5031303220736563
:107C40006E6420726561642072657175657374205D
:107C50006661696C656400537461636B206E6F7458
:107C6000207374617274656400636F6E736F6C650A
:107C70004275666665725175657565007569496E10
:107C80007075744576656E74517565756500466FDF
:107C90006C6C6F77696E672070646F2073656C65BC
:107CA000637465642C207461726765742069732045
:107CB000252E32662C2065727220697320252E32A3
:107CC000660050443A252E32662044433A252E322F
:107CD0006620494E3A252E3266204F55543A252EBD
:107CE0003266002530352E326600757365724D613F
:107CF000696E00706F776572436F6E74726F6C544B
:107D0000696D657200492D53657400757365722045
:107D10006D61696E20737461727400544D5031301E
:107D20003220726561642074696D656F75740054EA
:107D30004D503130322073656E642072656164206D
:107D4000726571756573742074696D656F75740003
:107D500053656E64206775695F7468726561645FFE
:107D60007369676E616C5F646973706C61795F647D
:107D700065766963655F726561647920746F2067F9
:107D800075695F7468726561642C20726573756CC7
:107D9000742069732025750054494D312072656C3B
:107DA0006F61643A20307825780000007C7C0108FF
:107DB000000000000049002050000000DE480020C4
:107DC00020000000107C0108000000006851002025
:107DD0005C00000068490020000800000800000066
:107DE0000000000000000000EA7C01080000000024
:107DF000C85500205C000000C851002000040000AD
:107E0000080000000000000000000000607F010882
:107E10000000002040210000140200082880010812
:107E200040210020B05D0000500200081C0000004E
:107E300043000000F8FFFFFF0C0000000E000000F0
:107E40000F0000002E0000001001000043000000A1
:107E5000F8FFFFFF0040404040404040404041416B
:107E6000414141404040404040404040404040400F
:107E700040404040400502020202020202020202A9
:107E800002020202022020202020202020202002A6
:107E90000202020202029090909090901010101036
:107EA00010101010101010101010101010101010D2
:107EB0000202020202028888888888880808080866
:107EC0000808080808080808080808080808080832
:107ED000020202024000000000000000000000005A
:107EE0000000000000000000000000000000000092
:107EF0000000000000000000000000000000000082
:107F00000000000000000000000000000000000071
:107F10000000000000000000000000000000000061
:107F20000000000000000000000000000000000051
:107F30000000000000000000000000000000000041
:107F40000000000000000000000000000000000031
:107F500000000000000000005514FFFFC515FFFFE2
:107F60000911313E0108FA7B010833B004C23042E6
:107F700001420242040511F07B0108337805C2205A
:107F80000511F57B0108337805D2204324F40381E1
:107F9000803F95783F0020420505FF4C7A0108019B
:107FA000FF01FF01FF01FF01FF01FF01FF01FF01D1
:107FB000FF01FF01FF01FF01FF01FF01FF01FF01C1
:107FC000FF01FF01FF01FF01FF01FF01FF01FF01B1
:107FD000FF01FF01FF01FF01FF01FF01E3ACD4201E
:107FE00000208700F00087001E2F8700F000207A15
:107FF0000108203C0020D03C6220F6040048000824
:108000002F74350020E0350020CC3800200839D20C
:108010002042024202061C783800209015AAAAAA23
:08802000AA00000000000000AE
:04000005080001D915
:00000001FF
